student_id,name,program,cohort,email
S1001,Carl Hall,MGB,MGB_Jan24,bstanley@example.org
S1002,David Pierce,MGB,MGB_Jan24,catherinepatel@example.com
S1003,Joseph Gregory,MGB,MGB_Jan24,joseph75@example.org
S1004,Sharon Morris,MGB,MGB_Jan24,amber03@example.net
S1005,Haley Mendoza,MGB,MGB_Jan24,tiffanynewman@example.com
S1006,Brandon Walter,MGB,MGB_Jan24,martinezcassandra@example.org
S1007,Abigail Martinez,MGB,MGB_Jan24,dlopez@example.com
S1008,Melissa Gonzalez,MGB,MGB_Jan24,jonesjohnathan@example.org
S1009,Kimberly Simpson,MGB,MGB_Jan24,lsmith@example.org
S1010,Danielle Hicks,MGB,MGB_Jan24,rodriguezvincent@example.org
S1011,Michael Ferguson,MGB,MGB_Jan24,lchen@example.org
S1012,Daniel Newton,MGB,MGB_Jan24,patrick73@example.net
S1013,Krista Flores,MGB,MGB_Jan24,peggymiller@example.net
S1014,Nathan Baker,MGB,MGB_Jan24,tball@example.org
S1015,Lisa Lindsey,MGB,MGB_Jan24,russell03@example.org
S1016,Brian Owens,MGB,MGB_Jan24,richardsonrichard@example.org
S1017,Olivia Larsen,MGB,MGB_Jan24,taylor98@example.net
S1018,William Hall,MGB,MGB_Jan24,beckcarlos@example.net
S1019,Sandra Blankenship,MGB,MGB_Jan24,wintersadrian@example.org
S1020,Antonio Smith,MGB,MGB_Jan24,lopezjavier@example.com
S1021,Gregory Morales,MGB,MGB_Jan24,hernandezgeorge@example.net
S1022,Richard Mitchell,MGB,MGB_Jan24,yobrien@example.org
S1023,Jamie Mays,MGB,MGB_Jan24,evan50@example.net
S1024,Heather Wilson,MGB,MGB_Jan24,klandry@example.com
S1025,Kimberly Walton,MGB,MGB_Jan24,reesemariah@example.net
S1026,David Hall,MGB,MGB_Jan24,camposlisa@example.com
S1027,Jason Martinez,MGB,MGB_Jan24,murphyjames@example.com
S1028,Stephen Young,MGB,MGB_Jan24,catherine00@example.com
S1029,Joanna Norris,MGB,MGB_Jan24,sloanmalik@example.com
S1030,Mariah Collins,MGB,MGB_Jan24,kochapril@example.org
S1031,Sophia Rice,MGB,MGB_Jan24,christina97@example.org
S1032,Jeffrey Rowe,MGB,MGB_Jan24,tim09@example.net
S1033,Joshua Stanley,MGB,MGB_Jan24,ashleysarah@example.net
S1034,Karen Brooks,MGB,MGB_Jan24,bridgetgarner@example.com
S1035,Faith Franklin,MGB,MGB_Jan24,ediaz@example.org
S1036,Michael Ortega,MGB,MGB_Jan24,deannakelley@example.com
S1037,Tammy Pacheco,MGB,MGB_Jan24,bruce40@example.com
S1038,Dr. Phillip English,MGB,MGB_Jan24,alanwright@example.org
S1039,Stephen Dixon,MGB,MGB_Jan24,jcuevas@example.org
S1040,Matthew Wright,MGB,MGB_Jan24,trujillomatthew@example.org
S1041,Chris Smith,MGB,MGB_Jan24,mooneythomas@example.net
S1042,Samantha Gay,MGB,MGB_Jan24,matthewknight@example.net
S1043,Ryan Irwin,MGB,MGB_Jan24,kylecherry@example.net
S1044,Jeffrey Mclean,MGB,MGB_Jan24,alexmerritt@example.com
S1045,Haley Norman,MGB,MGB_Jan24,lisa19@example.net
S1046,Scott Rowe,MGB,MGB_Jan24,omorrison@example.com
S1047,Benjamin Perry,MGB,MGB_Jan24,linda91@example.net
S1048,Elizabeth Gonzalez,MGB,MGB_Jan24,epowell@example.org
S1049,Allison Perez,MGB,MGB_Jan24,edwardhicks@example.com
S1050,Sara Mcpherson,MGB,MGB_Jan24,mary62@example.com
S1051,Jordan Vargas,MGB,MGB_Jan24,garciapeter@example.com
S1052,Pamela May,MGB,MGB_Jan24,brownbrandon@example.com
S1053,Elizabeth Cole,MGB,MGB_Jan24,obaird@example.net
S1054,Patrick Alvarez,MGB,MGB_Jan24,christinasmith@example.com
S1055,Kenneth Gallagher,MGB,MGB_Jan24,ginaobrien@example.com
S1056,Linda Gonzalez,MGB,MGB_Jan24,martinezkristie@example.org
S1057,Shannon Oliver,MGB,MGB_Jan24,ericmiller@example.org
S1058,Victoria Lopez,MGB,MGB_Jan24,xbarrett@example.com
S1059,Amy Le,MGB,MGB_Jan24,perrygutierrez@example.org
S1060,Tamara Hopkins,MGB,MGB_Jan24,rallen@example.org
S1061,Jason Brady,MGB,MGB_Jun24,ruizandrew@example.com
S1062,Emily Coffey,MGB,MGB_Jun24,jessica49@example.org
S1063,Jeremiah Lawrence,MGB,MGB_Jun24,coreysmith@example.com
S1064,Terri Goodwin,MGB,MGB_Jun24,angelacharles@example.net
S1065,Stephen Morgan,MGB,MGB_Jun24,jonathancross@example.org
S1066,Sherry Boyer,MGB,MGB_Jun24,fmay@example.net
S1067,Amanda Underwood,MGB,MGB_Jun24,brookskenneth@example.net
S1068,Christopher Orr,MGB,MGB_Jun24,franciscomontgomery@example.org
S1069,Wendy Roman,MGB,MGB_Jun24,gordondawn@example.com
S1070,Katie Wood,MGB,MGB_Jun24,cindy48@example.org
S1071,April Oliver,MGB,MGB_Jun24,aaron25@example.com
S1072,Donald Summers,MGB,MGB_Jun24,colinoconnell@example.org
S1073,Mr. Michael Rojas,MGB,MGB_Jun24,bradley61@example.net
S1074,Nicholas Mendoza,MGB,MGB_Jun24,kmolina@example.com
S1075,Gerald Sanders,MGB,MGB_Jun24,cyang@example.org
S1076,Rodney Moreno,MGB,MGB_Jun24,ruth70@example.com
S1077,Brenda Russell,MGB,MGB_Jun24,gina59@example.org
S1078,Theresa Le,MGB,MGB_Jun24,kaitlynmcgee@example.net
S1079,Brian Webb,MGB,MGB_Jun24,yalexander@example.com
S1080,Heather Cox,MGB,MGB_Jun24,tonismith@example.com
S1081,Kara Carter,MGB,MGB_Jun24,rarmstrong@example.net
S1082,Alexandra Smith,MGB,MGB_Jun24,caindaniel@example.com
S1083,Kevin Rodriguez,MGB,MGB_Jun24,hwalker@example.org
S1084,Sarah Schmidt,MGB,MGB_Jun24,morganroger@example.net
S1085,Christopher Rogers MD,MGB,MGB_Jun24,corey68@example.org
S1086,Michael Roberts,MGB,MGB_Jun24,scottpierce@example.org
S1087,Daniel Moore,MGB,MGB_Jun24,dwagner@example.net
S1088,Samantha Zimmerman,MGB,MGB_Jun24,timothy72@example.com
S1089,John Brown,MGB,MGB_Jun24,averyjoshua@example.com
S1090,John Garcia,MGB,MGB_Jun24,hallanne@example.net
S1091,Anthony Lucas,MGB,MGB_Jun24,brownemily@example.com
S1092,Brittney Hansen,MGB,MGB_Jun24,wellsjoseph@example.net
S1093,Alison Jones,MGB,MGB_Jun24,diane42@example.net
S1094,Nancy Simmons,MGB,MGB_Jun24,kylefoster@example.net
S1095,Brittany Vega,MGB,MGB_Jun24,joseph33@example.net
S1096,Elizabeth Sanders,MGB,MGB_Jun24,mary72@example.com
S1097,Diane Watson,MGB,MGB_Jun24,noahwhite@example.org
S1098,Kelly Barajas,MGB,MGB_Jun24,weisstracy@example.org
S1099,Todd Diaz,MGB,MGB_Jun24,rwright@example.org
S1100,Stacey Hawkins,MGB,MGB_Jun24,chadgarcia@example.com
S1101,Jorge Evans,MGB,MGB_Jun24,danasnyder@example.com
S1102,Stephen Hunter,MGB,MGB_Jun24,margaret12@example.net
S1103,Sarah Lynch,MGB,MGB_Jun24,garymcgee@example.net
S1104,Paul Hardin,MGB,MGB_Jun24,nicholas76@example.com
S1105,Jason Russell,MGB,MGB_Jun24,gomezernest@example.net
S1106,Lindsey Mcdaniel,MGB,MGB_Jun24,hicksscott@example.net
S1107,Elizabeth Beasley,MGB,MGB_Jun24,apetersen@example.net
S1108,Joshua Green,MGB,MGB_Jun24,parkergary@example.com
S1109,Catherine Hill,MGB,MGB_Jun24,derek98@example.com
S1110,Brittany Rogers,MGB,MGB_Jun24,monica42@example.net
S1111,Dylan Brown,MGB,MGB_Jun24,nwise@example.org
S1112,Kevin Hanson,MGB,MGB_Jun24,millerrichard@example.com
S1113,Chase Bailey,MGB,MGB_Jun24,gmyers@example.com
S1114,Sandy Mitchell,MGB,MGB_Jun24,marie83@example.org
S1115,Lindsey Davis,MGB,MGB_Jun24,nolandaniel@example.com
S1116,Nicholas Tucker,MGB,MGB_Jun24,nicolemunoz@example.com
S1117,Heather Larsen,MGB,MGB_Jun24,hahnpatricia@example.com
S1118,Jacqueline Rogers,MGB,MGB_Jun24,jonesteresa@example.com
S1119,Angel Smith,MGB,MGB_Jun24,adkinskelsey@example.com
S1120,Shane Hooper,MGB,MGB_Jun24,shannon26@example.com
S1121,Samuel Evans,GMBA,GMBA_Feb24,christinasmith@example.org
S1122,Joyce Watkins,GMBA,GMBA_Feb24,brownrichard@example.com
S1123,Daniel Henry,GMBA,GMBA_Feb24,xdavis@example.net
S1124,Vanessa Craig,GMBA,GMBA_Feb24,robert80@example.com
S1125,Dr. Darren Davis,GMBA,GMBA_Feb24,karen05@example.org
S1126,Philip Nolan,GMBA,GMBA_Feb24,roymcdowell@example.net
S1127,John Rodriguez,GMBA,GMBA_Feb24,justin39@example.org
S1128,Douglas Lopez,GMBA,GMBA_Feb24,peggynovak@example.com
S1129,Lorraine Taylor,GMBA,GMBA_Feb24,ihoward@example.com
S1130,Danielle Smith,GMBA,GMBA_Feb24,michael81@example.net
S1131,Yolanda Wheeler,GMBA,GMBA_Feb24,catherinelopez@example.net
S1132,Natasha Gibson,GMBA,GMBA_Feb24,kristenmacias@example.org
S1133,Justin Dominguez,GMBA,GMBA_Feb24,cookcharles@example.com
S1134,Samuel Sullivan,GMBA,GMBA_Feb24,wglass@example.net
S1135,Maria Sanchez,GMBA,GMBA_Feb24,michael33@example.com
S1136,Anita Richardson DDS,GMBA,GMBA_Feb24,sabrina31@example.com
S1137,Rhonda Barajas,GMBA,GMBA_Feb24,bushtammy@example.net
S1138,Jerome Rogers,GMBA,GMBA_Feb24,katherinebell@example.org
S1139,Christie Howard,GMBA,GMBA_Feb24,michaelburke@example.com
S1140,Susan Austin,GMBA,GMBA_Feb24,lisastephenson@example.org
S1141,Sarah King,GMBA,GMBA_Feb24,maryguerrero@example.org
S1142,Thomas Wilson,GMBA,GMBA_Feb24,jennifer66@example.com
S1143,Stephen Dickerson,GMBA,GMBA_Feb24,lamjames@example.com
S1144,Steven Gonzales,GMBA,GMBA_Feb24,qmoss@example.net
S1145,Michael Smith,GMBA,GMBA_Feb24,ghinton@example.org
S1146,William Wilson,GMBA,GMBA_Feb24,lewisashley@example.com
S1147,Anna Campbell,GMBA,GMBA_Feb24,donaldsonsandra@example.com
S1148,Johnny Rogers,GMBA,GMBA_Feb24,nicole98@example.com
S1149,George Morris,GMBA,GMBA_Feb24,stevensonalyssa@example.org
S1150,Charles Torres,GMBA,GMBA_Feb24,mercertina@example.net
S1151,Logan Reynolds,GMBA,GMBA_Feb24,morgancraig@example.org
S1152,Taylor Ballard,GMBA,GMBA_Feb24,aaronjames@example.net
S1153,Bryce Acosta,GMBA,GMBA_Feb24,jonathan99@example.net
S1154,Mary Jones,GMBA,GMBA_Feb24,michelle80@example.com
S1155,Dawn Weaver,GMBA,GMBA_Feb24,stanleywhitaker@example.com
S1156,Matthew Jackson,GMBA,GMBA_Feb24,cookmichelle@example.org
S1157,Wanda Gilbert,GMBA,GMBA_Feb24,gsmith@example.net
S1158,Mitchell Zimmerman,GMBA,GMBA_Feb24,jwilson@example.net
S1159,April Bell,GMBA,GMBA_Feb24,sarahthomas@example.com
S1160,Michael Miles,GMBA,GMBA_Feb24,markguzman@example.net
S1161,Eileen Brown,GMBA,GMBA_Feb24,kanderson@example.org
S1162,Jessica Yu,GMBA,GMBA_Feb24,lawrencegrace@example.net
S1163,Stacey Bates,GMBA,GMBA_Feb24,ztaylor@example.org
S1164,Tyler Anderson,GMBA,GMBA_Feb24,williamsweeney@example.com
S1165,Kevin Miller,GMBA,GMBA_Feb24,oliviacook@example.com
S1166,Brian Fowler,GMBA,GMBA_Feb24,ashleyswanson@example.net
S1167,Mark Smith,GMBA,GMBA_Feb24,darius09@example.org
S1168,Tracy Chambers,GMBA,GMBA_Feb24,jamesvillarreal@example.net
S1169,Victoria Mendoza,GMBA,GMBA_Feb24,urobinson@example.net
S1170,Charles Ward,GMBA,GMBA_Feb24,mark45@example.com
S1171,Sheila Crawford,GMBA,GMBA_Feb24,shermanclaire@example.net
S1172,Jennifer Robinson,GMBA,GMBA_Feb24,samantha94@example.net
S1173,Scott Morris,GMBA,GMBA_Feb24,amberflores@example.net
S1174,Jeanette Mendoza,GMBA,GMBA_Feb24,jacqueline26@example.org
S1175,Michael Meyer,GMBA,GMBA_Feb24,stevenhill@example.org
S1176,Nicole Fischer,GMBA,GMBA_Feb24,kjones@example.net
S1177,Paul Vaughn,GMBA,GMBA_Feb24,qmunoz@example.org
S1178,Jessica Wilson,GMBA,GMBA_Feb24,andersonamanda@example.net
S1179,Greg Brown,GMBA,GMBA_Feb24,pthompson@example.net
S1180,Joshua Juarez,GMBA,GMBA_Feb24,christopher15@example.com
S1181,Caleb Garcia,GMBA,GMBA_Aug24,kyliebass@example.net
S1182,Richard Robles,GMBA,GMBA_Aug24,marymartin@example.org
S1183,Brianna Dalton,GMBA,GMBA_Aug24,ysoto@example.org
S1184,Cristian Foster,GMBA,GMBA_Aug24,wdavies@example.org
S1185,Kelly Crawford,GMBA,GMBA_Aug24,harttiffany@example.net
S1186,Bradley Wheeler,GMBA,GMBA_Aug24,lyonsgeorge@example.net
S1187,Lynn Ramsey,GMBA,GMBA_Aug24,nathaniel30@example.net
S1188,William Ford II,GMBA,GMBA_Aug24,wcarney@example.org
S1189,Barbara Simmons,GMBA,GMBA_Aug24,matajustin@example.net
S1190,Amanda Strickland,GMBA,GMBA_Aug24,ortizjoyce@example.org
S1191,Terry Wells,GMBA,GMBA_Aug24,markjordan@example.net
S1192,Brent Savage,GMBA,GMBA_Aug24,betty11@example.org
S1193,Eugene Smith,GMBA,GMBA_Aug24,nathangarcia@example.org
S1194,Matthew Rogers,GMBA,GMBA_Aug24,angela96@example.com
S1195,Paul Lester,GMBA,GMBA_Aug24,michael74@example.org
S1196,Jesse Castillo,GMBA,GMBA_Aug24,scott74@example.org
S1197,Gregory Dennis,GMBA,GMBA_Aug24,christophersmith@example.org
S1198,Robert Tucker,GMBA,GMBA_Aug24,hjackson@example.net
S1199,Mrs. Lisa Webb,GMBA,GMBA_Aug24,greg02@example.com
S1200,Barbara David,GMBA,GMBA_Aug24,crystalhicks@example.com
S1201,Joseph Rodriguez,GMBA,GMBA_Aug24,myersrachel@example.net
S1202,David Fuller,GMBA,GMBA_Aug24,jamielane@example.com
S1203,Maria Herrera,GMBA,GMBA_Aug24,gcortez@example.org
S1204,Antonio Keller,GMBA,GMBA_Aug24,aguzman@example.com
S1205,Rebecca Williams,GMBA,GMBA_Aug24,molinalarry@example.com
S1206,Charles Proctor,GMBA,GMBA_Aug24,brownkimberly@example.net
S1207,Joshua Shields,GMBA,GMBA_Aug24,ehendrix@example.org
S1208,Hunter Scott,GMBA,GMBA_Aug24,jtanner@example.net
S1209,Ellen Pacheco,GMBA,GMBA_Aug24,lopezbenjamin@example.com
S1210,Robin Campbell,GMBA,GMBA_Aug24,victoria90@example.com
S1211,John Williams,GMBA,GMBA_Aug24,jody34@example.net
S1212,Donna Mcbride,GMBA,GMBA_Aug24,melodyhenson@example.net
S1213,Faith Robles,GMBA,GMBA_Aug24,fisheralexandra@example.org
S1214,Corey Scott,GMBA,GMBA_Aug24,stevensjohn@example.net
S1215,Madison Johnson,GMBA,GMBA_Aug24,riverakristine@example.com
S1216,Whitney Church,GMBA,GMBA_Aug24,madison88@example.net
S1217,Scott Berry,GMBA,GMBA_Aug24,collinschristina@example.net
S1218,Benjamin Hull,GMBA,GMBA_Aug24,brianjensen@example.net
S1219,Bailey Mathews,GMBA,GMBA_Aug24,jimenezryan@example.org
S1220,Joshua Johnson,GMBA,GMBA_Aug24,jacqueline67@example.net
S1221,Philip Adams,GMBA,GMBA_Aug24,cle@example.com
S1222,Cynthia Pope,GMBA,GMBA_Aug24,meghanpeterson@example.com
S1223,Donald Allen,GMBA,GMBA_Aug24,williamwilliams@example.net
S1224,Danielle Hall,GMBA,GMBA_Aug24,shelly15@example.net
S1225,Christina Adams,GMBA,GMBA_Aug24,amartin@example.net
S1226,Mrs. Linda Chen,GMBA,GMBA_Aug24,ruizkim@example.com
S1227,Anthony White,GMBA,GMBA_Aug24,tjohnson@example.org
S1228,Frank Taylor,GMBA,GMBA_Aug24,mcintoshnatalie@example.com
S1229,Daniel Moreno,GMBA,GMBA_Aug24,lrobertson@example.com
S1230,Susan Thomas,GMBA,GMBA_Aug24,lharding@example.com
S1231,Sierra Collins,GMBA,GMBA_Aug24,donnaelliott@example.org
S1232,Tina Mays,GMBA,GMBA_Aug24,jacobestes@example.net
S1233,Christian Smith,GMBA,GMBA_Aug24,david78@example.net
S1234,Kathleen Espinoza,GMBA,GMBA_Aug24,xpeterson@example.net
S1235,Brian Harris,GMBA,GMBA_Aug24,kathy61@example.net
S1236,Briana Harvey,GMBA,GMBA_Aug24,xbrown@example.com
S1237,Jack Johnson,GMBA,GMBA_Aug24,curtisrobbins@example.net
S1238,Jamie Washington,GMBA,GMBA_Aug24,carlawalker@example.net
S1239,Richard Giles,GMBA,GMBA_Aug24,ashleylopez@example.com
S1240,Aaron Chang,GMBA,GMBA_Aug24,pmartin@example.net
