faculty_id,program,unit_taught,cohort,session_num,session_date,average_class_trs,num_students_using,histogram_trs,weak_topics,strong_topics
F2001,GMBA,Business Analytics,GMBA_Feb24,1,2024-02-05,76.30052653037227,45,"[5, 11, 30, 9]","Stats, Regression","Machine Learning, Strategy"
F2001,GMBA,Business Analytics,GMBA_Feb24,2,2024-02-24,80.84927849750125,56,"[2, 18, 24, 8]","Forecasting, Simulation","Optimization, Leadership"
F2001,GMBA,Business Analytics,GMBA_Feb24,3,2024-08-28,83.6805953837536,44,"[1, 9, 23, 24]","Regression, Stats","Optimization, Strategy"
F2001,GMBA,Business Analytics,GMBA_Feb24,4,2024-02-25,93.09097684312165,59,"[4, 20, 20, 11]","Regression, Simulation","Optimization, Strategy"
F2001,GMBA,Business Analytics,GMBA_Feb24,5,2024-07-25,78.40206685949688,57,"[3, 15, 15, 12]","Regression, Simulation","Strategy, Optimization"
F2001,GMBA,Business Analytics,GMBA_Feb24,6,2024-10-24,78.36489199558392,56,"[4, 10, 25, 9]","Forecasting, Regression","Leadership, Strategy"
F2001,GMBA,Business Analytics,GMBA_Aug24,1,2024-01-27,74.99737566811208,36,"[5, 15, 16, 22]","Simulation, Stats","Optimization, Strategy"
F2001,GMBA,Business Analytics,GMBA_Aug24,2,2024-11-02,76.99978914978983,50,"[5, 18, 30, 22]","Stats, Simulation","Strategy, Optimization"
F2001,GMBA,Business Analytics,GMBA_Aug24,3,2024-10-04,81.57498338162787,56,"[3, 10, 21, 22]","Stats, Regression","Machine Learning, Strategy"
F2001,GMBA,Business Analytics,GMBA_Aug24,4,2024-09-01,88.87168109329491,46,"[3, 12, 26, 17]","Forecasting, Regression","Strategy, Optimization"
F2001,GMBA,Business Analytics,GMBA_Aug24,5,2024-05-26,74.73915575468519,40,"[1, 11, 22, 14]","Simulation, Stats","Machine Learning, Strategy"
F2001,GMBA,Business Analytics,GMBA_Aug24,6,2024-03-27,88.67478261601538,57,"[2, 20, 24, 24]","Regression, Stats","Strategy, Optimization"
F2001,GMBA,Corporate Finance,GMBA_Feb24,1,2024-01-14,86.26377777429897,42,"[5, 16, 19, 24]","Forecasting, Stats","Optimization, Machine Learning"
F2001,GMBA,Corporate Finance,GMBA_Feb24,2,2024-06-17,76.53196157256549,43,"[2, 10, 26, 8]","Regression, Simulation","Optimization, Leadership"
F2001,GMBA,Corporate Finance,GMBA_Feb24,3,2024-04-27,81.53188306876392,39,"[4, 17, 24, 22]","Regression, Stats","Optimization, Leadership"
F2001,GMBA,Corporate Finance,GMBA_Feb24,4,2024-04-02,77.35774008286155,38,"[3, 19, 19, 18]","Stats, Simulation","Leadership, Machine Learning"
F2001,GMBA,Corporate Finance,GMBA_Feb24,5,2024-04-20,78.05428275061922,56,"[3, 11, 18, 14]","Simulation, Regression","Optimization, Strategy"
F2001,GMBA,Corporate Finance,GMBA_Feb24,6,2024-09-11,74.16727374100354,60,"[1, 16, 27, 9]","Stats, Forecasting","Machine Learning, Strategy"
F2001,GMBA,Corporate Finance,GMBA_Aug24,1,2024-01-08,80.61263625303798,42,"[1, 9, 28, 24]","Regression, Stats","Leadership, Strategy"
F2001,GMBA,Corporate Finance,GMBA_Aug24,2,2024-06-05,83.78273090837158,59,"[2, 18, 25, 7]","Stats, Regression","Optimization, Leadership"
F2001,GMBA,Corporate Finance,GMBA_Aug24,3,2024-01-16,77.45922199881566,37,"[2, 8, 28, 17]","Regression, Simulation","Optimization, Leadership"
F2001,GMBA,Corporate Finance,GMBA_Aug24,4,2024-04-12,72.9117750695842,35,"[2, 18, 22, 9]","Regression, Simulation","Machine Learning, Leadership"
F2001,GMBA,Corporate Finance,GMBA_Aug24,5,2024-11-18,82.04732531984008,47,"[4, 8, 26, 24]","Regression, Forecasting","Leadership, Machine Learning"
F2001,GMBA,Corporate Finance,GMBA_Aug24,6,2024-04-15,79.15490968756866,59,"[1, 7, 15, 19]","Regression, Forecasting","Machine Learning, Leadership"
F2001,GMBA,Leadership,GMBA_Feb24,1,2024-11-16,75.33423517341615,37,"[3, 18, 23, 14]","Regression, Simulation","Leadership, Optimization"
F2001,GMBA,Leadership,GMBA_Feb24,2,2024-01-01,84.24031391840174,52,"[2, 8, 23, 11]","Forecasting, Simulation","Strategy, Leadership"
F2001,GMBA,Leadership,GMBA_Feb24,3,2024-05-25,78.38720980977752,42,"[4, 9, 18, 16]","Regression, Forecasting","Strategy, Optimization"
F2001,GMBA,Leadership,GMBA_Feb24,4,2024-11-21,93.37635758341105,47,"[1, 7, 29, 20]","Simulation, Regression","Leadership, Optimization"
F2001,GMBA,Leadership,GMBA_Feb24,5,2024-12-26,66.20510476029727,51,"[5, 15, 27, 22]","Forecasting, Simulation","Optimization, Leadership"
F2001,GMBA,Leadership,GMBA_Feb24,6,2024-01-02,80.7864721060631,59,"[2, 18, 25, 20]","Regression, Stats","Leadership, Machine Learning"
F2001,GMBA,Leadership,GMBA_Aug24,1,2024-07-19,78.76568338902668,60,"[5, 11, 19, 18]","Stats, Simulation","Machine Learning, Leadership"
F2001,GMBA,Leadership,GMBA_Aug24,2,2024-01-06,88.77064678552499,52,"[2, 15, 28, 18]","Regression, Stats","Optimization, Leadership"
F2001,GMBA,Leadership,GMBA_Aug24,3,2024-08-15,72.58881713351637,44,"[5, 20, 16, 23]","Simulation, Regression","Optimization, Leadership"
F2001,GMBA,Leadership,GMBA_Aug24,4,2024-08-26,76.89238653137723,52,"[5, 7, 17, 19]","Simulation, Regression","Machine Learning, Strategy"
F2001,GMBA,Leadership,GMBA_Aug24,5,2024-02-20,78.24480364511098,58,"[3, 20, 16, 25]","Forecasting, Stats","Optimization, Machine Learning"
F2001,GMBA,Leadership,GMBA_Aug24,6,2024-09-13,73.27721322872674,39,"[4, 16, 21, 18]","Forecasting, Regression","Strategy, Machine Learning"
F2001,GMBA,Strategy,GMBA_Feb24,1,2024-06-28,69.03102777137642,58,"[4, 18, 22, 24]","Forecasting, Simulation","Machine Learning, Strategy"
F2001,GMBA,Strategy,GMBA_Feb24,2,2024-10-04,94.54076342843878,36,"[1, 8, 24, 20]","Stats, Simulation","Machine Learning, Strategy"
F2001,GMBA,Strategy,GMBA_Feb24,3,2024-07-12,75.83216657925111,37,"[5, 7, 24, 8]","Simulation, Stats","Leadership, Machine Learning"
F2001,GMBA,Strategy,GMBA_Feb24,4,2024-02-21,84.26524347694259,35,"[4, 9, 15, 16]","Regression, Simulation","Strategy, Optimization"
F2001,GMBA,Strategy,GMBA_Feb24,5,2024-04-16,81.72378306143798,48,"[4, 16, 15, 20]","Stats, Forecasting","Leadership, Machine Learning"
F2001,GMBA,Strategy,GMBA_Feb24,6,2024-06-09,79.41279823623793,38,"[4, 7, 19, 15]","Forecasting, Simulation","Optimization, Strategy"
F2001,GMBA,Strategy,GMBA_Aug24,1,2024-06-11,69.28420915168554,48,"[3, 13, 29, 7]","Simulation, Stats","Leadership, Optimization"
F2001,GMBA,Strategy,GMBA_Aug24,2,2024-05-20,78.46502778429027,57,"[5, 13, 26, 8]","Simulation, Forecasting","Leadership, Machine Learning"
F2001,GMBA,Strategy,GMBA_Aug24,3,2024-10-01,69.55664859598332,44,"[2, 7, 19, 25]","Forecasting, Simulation","Strategy, Optimization"
F2001,GMBA,Strategy,GMBA_Aug24,4,2024-11-09,79.99123232490822,39,"[1, 7, 20, 14]","Simulation, Forecasting","Optimization, Machine Learning"
F2001,GMBA,Strategy,GMBA_Aug24,5,2024-02-12,83.8246984968047,47,"[5, 12, 22, 19]","Simulation, Regression","Leadership, Machine Learning"
F2001,GMBA,Strategy,GMBA_Aug24,6,2024-01-03,74.16182205538858,51,"[2, 7, 25, 11]","Regression, Stats","Machine Learning, Strategy"
F2002,GMBA,Business Analytics,GMBA_Feb24,1,2024-07-20,80.11554917035511,52,"[1, 19, 28, 24]","Simulation, Stats","Optimization, Strategy"
F2002,GMBA,Business Analytics,GMBA_Feb24,2,2024-11-25,83.36685322732109,60,"[5, 9, 27, 8]","Stats, Simulation","Machine Learning, Strategy"
F2002,GMBA,Business Analytics,GMBA_Feb24,3,2024-04-23,66.72895517336708,56,"[1, 20, 27, 25]","Stats, Regression","Strategy, Machine Learning"
F2002,GMBA,Business Analytics,GMBA_Feb24,4,2024-12-10,87.96744819690056,46,"[2, 9, 15, 16]","Simulation, Forecasting","Optimization, Machine Learning"
F2002,GMBA,Business Analytics,GMBA_Feb24,5,2024-02-18,81.23245859854428,38,"[1, 19, 24, 10]","Simulation, Regression","Leadership, Optimization"
F2002,GMBA,Business Analytics,GMBA_Feb24,6,2024-02-22,87.37488105710158,43,"[4, 20, 15, 25]","Regression, Forecasting","Strategy, Machine Learning"
F2002,GMBA,Business Analytics,GMBA_Aug24,1,2024-06-23,85.84590676516132,54,"[2, 20, 20, 22]","Stats, Regression","Strategy, Optimization"
F2002,GMBA,Business Analytics,GMBA_Aug24,2,2024-06-14,88.10006700690755,37,"[3, 17, 27, 20]","Stats, Forecasting","Optimization, Machine Learning"
F2002,GMBA,Business Analytics,GMBA_Aug24,3,2024-11-20,72.01135102522295,36,"[3, 13, 21, 8]","Regression, Forecasting","Optimization, Strategy"
F2002,GMBA,Business Analytics,GMBA_Aug24,4,2024-02-15,75.43977241200068,43,"[5, 14, 20, 21]","Stats, Simulation","Machine Learning, Strategy"
F2002,GMBA,Business Analytics,GMBA_Aug24,5,2024-06-27,78.65197430014912,54,"[2, 9, 16, 24]","Forecasting, Regression","Machine Learning, Strategy"
F2002,GMBA,Business Analytics,GMBA_Aug24,6,2024-11-20,94.74087616153125,35,"[5, 10, 19, 9]","Forecasting, Stats","Strategy, Machine Learning"
F2002,GMBA,Corporate Finance,GMBA_Feb24,1,2024-02-18,71.48392606400152,53,"[4, 18, 28, 12]","Simulation, Forecasting","Strategy, Leadership"
F2002,GMBA,Corporate Finance,GMBA_Feb24,2,2024-01-28,83.31856788108607,43,"[2, 18, 28, 11]","Stats, Forecasting","Leadership, Strategy"
F2002,GMBA,Corporate Finance,GMBA_Feb24,3,2024-05-18,75.18210588510182,52,"[5, 9, 30, 13]","Stats, Regression","Optimization, Leadership"
F2002,GMBA,Corporate Finance,GMBA_Feb24,4,2024-05-17,69.75777015626383,43,"[2, 14, 23, 24]","Regression, Forecasting","Optimization, Strategy"
F2002,GMBA,Corporate Finance,GMBA_Feb24,5,2024-12-14,75.9837153799386,36,"[2, 9, 30, 11]","Forecasting, Simulation","Strategy, Leadership"
F2002,GMBA,Corporate Finance,GMBA_Feb24,6,2024-04-17,84.32223992324597,48,"[3, 13, 19, 16]","Regression, Stats","Strategy, Optimization"
F2002,GMBA,Corporate Finance,GMBA_Aug24,1,2024-05-03,82.05077371840453,40,"[2, 18, 25, 20]","Forecasting, Stats","Strategy, Leadership"
F2002,GMBA,Corporate Finance,GMBA_Aug24,2,2024-12-21,87.95135190059602,39,"[1, 11, 25, 9]","Regression, Stats","Strategy, Machine Learning"
F2002,GMBA,Corporate Finance,GMBA_Aug24,3,2024-09-22,72.81727815600019,42,"[4, 18, 27, 21]","Regression, Stats","Machine Learning, Leadership"
F2002,GMBA,Corporate Finance,GMBA_Aug24,4,2024-02-04,91.22511758794045,43,"[2, 15, 26, 19]","Simulation, Regression","Strategy, Leadership"
F2002,GMBA,Corporate Finance,GMBA_Aug24,5,2024-10-15,77.4974369816694,51,"[4, 20, 24, 10]","Simulation, Regression","Leadership, Machine Learning"
F2002,GMBA,Corporate Finance,GMBA_Aug24,6,2024-03-23,74.47544848094184,43,"[1, 9, 18, 14]","Regression, Stats","Leadership, Strategy"
F2002,GMBA,Leadership,GMBA_Feb24,1,2024-06-09,65.17936085918144,48,"[3, 15, 28, 22]","Regression, Simulation","Leadership, Optimization"
F2002,GMBA,Leadership,GMBA_Feb24,2,2024-07-13,83.52422239259961,49,"[3, 12, 15, 13]","Forecasting, Simulation","Optimization, Machine Learning"
F2002,GMBA,Leadership,GMBA_Feb24,3,2024-06-28,73.11812936788925,44,"[1, 19, 26, 13]","Forecasting, Simulation","Leadership, Strategy"
F2002,GMBA,Leadership,GMBA_Feb24,4,2024-01-24,90.2336296861056,58,"[1, 8, 25, 12]","Simulation, Forecasting","Machine Learning, Leadership"
F2002,GMBA,Leadership,GMBA_Feb24,5,2024-01-27,84.686728618846,39,"[1, 7, 26, 15]","Simulation, Forecasting","Optimization, Machine Learning"
F2002,GMBA,Leadership,GMBA_Feb24,6,2024-08-22,84.21348126880233,56,"[5, 15, 26, 23]","Forecasting, Regression","Optimization, Leadership"
F2002,GMBA,Leadership,GMBA_Aug24,1,2024-04-26,83.43211363668206,42,"[5, 14, 25, 17]","Regression, Stats","Strategy, Machine Learning"
F2002,GMBA,Leadership,GMBA_Aug24,2,2024-10-06,79.29549454113996,59,"[5, 8, 15, 10]","Forecasting, Stats","Optimization, Machine Learning"
F2002,GMBA,Leadership,GMBA_Aug24,3,2024-04-01,85.81507162443339,35,"[5, 18, 22, 24]","Forecasting, Simulation","Strategy, Leadership"
F2002,GMBA,Leadership,GMBA_Aug24,4,2024-04-21,91.26415315255457,36,"[1, 16, 20, 17]","Forecasting, Stats","Optimization, Machine Learning"
F2002,GMBA,Leadership,GMBA_Aug24,5,2024-07-20,73.08647454472379,47,"[4, 13, 21, 15]","Stats, Simulation","Strategy, Leadership"
F2002,GMBA,Leadership,GMBA_Aug24,6,2024-09-04,66.48350563872935,39,"[1, 17, 20, 17]","Stats, Simulation","Optimization, Strategy"
F2002,GMBA,Strategy,GMBA_Feb24,1,2024-02-12,75.3288477557839,42,"[1, 9, 30, 7]","Regression, Stats","Machine Learning, Optimization"
F2002,GMBA,Strategy,GMBA_Feb24,2,2024-08-20,79.35460413593579,44,"[3, 19, 16, 10]","Forecasting, Regression","Leadership, Optimization"
F2002,GMBA,Strategy,GMBA_Feb24,3,2024-12-22,67.85621110793245,40,"[2, 16, 15, 20]","Simulation, Forecasting","Leadership, Strategy"
F2002,GMBA,Strategy,GMBA_Feb24,4,2024-01-27,86.32142759999167,42,"[3, 8, 24, 14]","Simulation, Forecasting","Machine Learning, Leadership"
F2002,GMBA,Strategy,GMBA_Feb24,5,2024-10-09,67.08378896181333,45,"[5, 14, 20, 19]","Simulation, Stats","Strategy, Machine Learning"
F2002,GMBA,Strategy,GMBA_Feb24,6,2024-04-05,68.55084066644659,59,"[5, 7, 26, 12]","Regression, Forecasting","Machine Learning, Strategy"
F2002,GMBA,Strategy,GMBA_Aug24,1,2024-08-24,87.11755492436282,54,"[5, 11, 16, 19]","Stats, Simulation","Machine Learning, Optimization"
F2002,GMBA,Strategy,GMBA_Aug24,2,2024-06-26,77.5718121168539,47,"[4, 14, 24, 13]","Forecasting, Stats","Machine Learning, Optimization"
F2002,GMBA,Strategy,GMBA_Aug24,3,2024-08-07,70.34193153605987,55,"[2, 9, 30, 14]","Stats, Simulation","Strategy, Leadership"
F2002,GMBA,Strategy,GMBA_Aug24,4,2024-03-16,88.85656651848235,46,"[2, 19, 21, 8]","Forecasting, Simulation","Leadership, Optimization"
F2002,GMBA,Strategy,GMBA_Aug24,5,2024-09-11,75.82873996942203,56,"[5, 17, 19, 24]","Forecasting, Stats","Strategy, Machine Learning"
F2002,GMBA,Strategy,GMBA_Aug24,6,2024-10-02,80.4329625592988,40,"[1, 15, 21, 22]","Regression, Simulation","Strategy, Leadership"
F2003,GMBA,Business Analytics,GMBA_Feb24,1,2024-08-05,79.58083938247631,35,"[1, 19, 26, 24]","Regression, Forecasting","Optimization, Strategy"
F2003,GMBA,Business Analytics,GMBA_Feb24,2,2024-01-13,75.47384731810828,49,"[4, 17, 21, 23]","Forecasting, Regression","Leadership, Strategy"
F2003,GMBA,Business Analytics,GMBA_Feb24,3,2024-06-16,95.09787423296311,42,"[2, 7, 29, 21]","Stats, Forecasting","Optimization, Leadership"
F2003,GMBA,Business Analytics,GMBA_Feb24,4,2024-11-12,77.4052839598473,47,"[4, 19, 26, 21]","Regression, Forecasting","Leadership, Strategy"
F2003,GMBA,Business Analytics,GMBA_Feb24,5,2024-06-15,73.04448082489105,44,"[4, 10, 25, 16]","Regression, Simulation","Strategy, Machine Learning"
F2003,GMBA,Business Analytics,GMBA_Feb24,6,2024-02-01,81.44382013506312,48,"[1, 13, 27, 13]","Forecasting, Regression","Strategy, Machine Learning"
F2003,GMBA,Business Analytics,GMBA_Aug24,1,2024-11-16,78.32931761083944,45,"[1, 11, 28, 18]","Forecasting, Stats","Strategy, Optimization"
F2003,GMBA,Business Analytics,GMBA_Aug24,2,2024-03-11,80.77390584935834,48,"[4, 19, 24, 23]","Regression, Simulation","Machine Learning, Strategy"
F2003,GMBA,Business Analytics,GMBA_Aug24,3,2024-12-17,68.26204408119773,52,"[4, 10, 20, 21]","Simulation, Stats","Machine Learning, Strategy"
F2003,GMBA,Business Analytics,GMBA_Aug24,4,2024-03-21,73.93270381258165,36,"[3, 15, 18, 18]","Regression, Forecasting","Machine Learning, Leadership"
F2003,GMBA,Business Analytics,GMBA_Aug24,5,2024-03-05,96.57743133889093,58,"[3, 16, 27, 23]","Simulation, Regression","Strategy, Machine Learning"
F2003,GMBA,Business Analytics,GMBA_Aug24,6,2024-10-10,78.59404022929067,35,"[2, 10, 29, 20]","Stats, Forecasting","Machine Learning, Optimization"
F2003,GMBA,Corporate Finance,GMBA_Feb24,1,2024-03-24,73.6136453936655,55,"[4, 20, 28, 14]","Regression, Simulation","Machine Learning, Optimization"
F2003,GMBA,Corporate Finance,GMBA_Feb24,2,2024-01-13,85.15868783485726,37,"[1, 8, 30, 15]","Forecasting, Regression","Optimization, Strategy"
F2003,GMBA,Corporate Finance,GMBA_Feb24,3,2024-02-20,71.45706916246625,53,"[2, 19, 24, 12]","Forecasting, Regression","Machine Learning, Leadership"
F2003,GMBA,Corporate Finance,GMBA_Feb24,4,2024-08-14,84.02966832539398,58,"[1, 14, 20, 13]","Simulation, Stats","Leadership, Optimization"
F2003,GMBA,Corporate Finance,GMBA_Feb24,5,2024-07-19,84.0909902509746,49,"[5, 18, 30, 24]","Regression, Stats","Strategy, Leadership"
F2003,GMBA,Corporate Finance,GMBA_Feb24,6,2024-09-20,76.56112283420005,53,"[1, 11, 15, 7]","Simulation, Stats","Strategy, Leadership"
F2003,GMBA,Corporate Finance,GMBA_Aug24,1,2024-03-13,87.06719085884085,59,"[2, 18, 23, 24]","Forecasting, Stats","Machine Learning, Strategy"
F2003,GMBA,Corporate Finance,GMBA_Aug24,2,2024-01-27,76.88191835239603,35,"[5, 16, 30, 13]","Stats, Regression","Leadership, Optimization"
F2003,GMBA,Corporate Finance,GMBA_Aug24,3,2024-12-13,76.67107138166322,52,"[3, 11, 17, 15]","Regression, Simulation","Machine Learning, Optimization"
F2003,GMBA,Corporate Finance,GMBA_Aug24,4,2024-02-03,72.51363293122787,55,"[2, 16, 18, 22]","Forecasting, Stats","Leadership, Strategy"
F2003,GMBA,Corporate Finance,GMBA_Aug24,5,2024-04-03,79.09879511228401,40,"[5, 19, 21, 9]","Simulation, Regression","Optimization, Leadership"
F2003,GMBA,Corporate Finance,GMBA_Aug24,6,2024-06-13,85.4213637262987,58,"[5, 8, 26, 12]","Stats, Simulation","Leadership, Machine Learning"
F2003,GMBA,Leadership,GMBA_Feb24,1,2024-02-27,73.5914542122434,55,"[1, 7, 28, 17]","Forecasting, Simulation","Optimization, Leadership"
F2003,GMBA,Leadership,GMBA_Feb24,2,2024-09-15,72.86872861700836,44,"[5, 10, 28, 25]","Stats, Regression","Optimization, Machine Learning"
F2003,GMBA,Leadership,GMBA_Feb24,3,2024-03-16,89.47742079809537,37,"[2, 9, 15, 18]","Regression, Simulation","Machine Learning, Strategy"
F2003,GMBA,Leadership,GMBA_Feb24,4,2024-10-16,92.52653607782725,56,"[5, 15, 30, 10]","Stats, Simulation","Strategy, Leadership"
F2003,GMBA,Leadership,GMBA_Feb24,5,2024-02-19,83.93953473478393,40,"[3, 10, 30, 8]","Regression, Forecasting","Strategy, Leadership"
F2003,GMBA,Leadership,GMBA_Feb24,6,2024-08-08,94.8216324475931,50,"[2, 11, 29, 25]","Simulation, Stats","Leadership, Strategy"
F2003,GMBA,Leadership,GMBA_Aug24,1,2024-06-05,90.09883668376933,42,"[4, 15, 15, 13]","Regression, Simulation","Leadership, Machine Learning"
F2003,GMBA,Leadership,GMBA_Aug24,2,2024-07-22,81.63049541852016,58,"[2, 17, 29, 21]","Forecasting, Stats","Machine Learning, Strategy"
F2003,GMBA,Leadership,GMBA_Aug24,3,2024-08-02,76.51426101320051,37,"[5, 19, 29, 25]","Stats, Forecasting","Machine Learning, Leadership"
F2003,GMBA,Leadership,GMBA_Aug24,4,2024-06-15,69.12191805979678,48,"[5, 15, 23, 23]","Forecasting, Simulation","Leadership, Machine Learning"
F2003,GMBA,Leadership,GMBA_Aug24,5,2024-09-12,82.49234763156116,40,"[4, 19, 28, 18]","Regression, Forecasting","Machine Learning, Leadership"
F2003,GMBA,Leadership,GMBA_Aug24,6,2024-09-27,83.68221104462263,48,"[1, 19, 23, 18]","Regression, Stats","Machine Learning, Strategy"
F2003,GMBA,Strategy,GMBA_Feb24,1,2024-08-21,69.26554978725807,55,"[5, 9, 20, 13]","Regression, Stats","Strategy, Leadership"
F2003,GMBA,Strategy,GMBA_Feb24,2,2024-07-06,80.04218321771246,40,"[3, 8, 18, 11]","Stats, Regression","Optimization, Leadership"
F2003,GMBA,Strategy,GMBA_Feb24,3,2024-09-06,75.50827231991256,48,"[5, 15, 19, 20]","Regression, Stats","Leadership, Optimization"
F2003,GMBA,Strategy,GMBA_Feb24,4,2024-03-12,69.27371573985234,53,"[4, 12, 28, 7]","Simulation, Stats","Machine Learning, Leadership"
F2003,GMBA,Strategy,GMBA_Feb24,5,2024-02-26,85.642960504426,58,"[4, 16, 25, 16]","Simulation, Forecasting","Optimization, Machine Learning"
F2003,GMBA,Strategy,GMBA_Feb24,6,2024-01-05,88.96438466266191,58,"[5, 9, 27, 24]","Forecasting, Stats","Leadership, Machine Learning"
F2003,GMBA,Strategy,GMBA_Aug24,1,2024-03-18,81.21527388427751,44,"[1, 13, 26, 19]","Stats, Simulation","Strategy, Leadership"
F2003,GMBA,Strategy,GMBA_Aug24,2,2024-11-03,91.67520246988774,45,"[5, 9, 18, 8]","Regression, Forecasting","Strategy, Machine Learning"
F2003,GMBA,Strategy,GMBA_Aug24,3,2024-12-09,86.1299712047407,49,"[1, 7, 18, 17]","Forecasting, Stats","Strategy, Machine Learning"
F2003,GMBA,Strategy,GMBA_Aug24,4,2024-09-09,78.85289025470361,45,"[4, 8, 26, 14]","Stats, Simulation","Optimization, Leadership"
F2003,GMBA,Strategy,GMBA_Aug24,5,2024-11-25,75.62403838574129,50,"[5, 10, 29, 15]","Forecasting, Simulation","Leadership, Strategy"
F2003,GMBA,Strategy,GMBA_Aug24,6,2024-05-12,82.34880238027831,58,"[2, 7, 28, 7]","Simulation, Stats","Strategy, Leadership"
F2004,GMBA,Business Analytics,GMBA_Feb24,1,2024-05-12,83.38161512443627,37,"[4, 15, 24, 19]","Simulation, Forecasting","Strategy, Machine Learning"
F2004,GMBA,Business Analytics,GMBA_Feb24,2,2024-07-09,76.08182972572882,52,"[5, 9, 22, 15]","Stats, Regression","Strategy, Leadership"
F2004,GMBA,Business Analytics,GMBA_Feb24,3,2024-10-26,84.4523523404083,46,"[2, 10, 18, 24]","Simulation, Stats","Machine Learning, Optimization"
F2004,GMBA,Business Analytics,GMBA_Feb24,4,2024-01-06,85.54010368174157,57,"[3, 17, 16, 21]","Regression, Forecasting","Strategy, Optimization"
F2004,GMBA,Business Analytics,GMBA_Feb24,5,2024-05-14,68.49524743520142,52,"[2, 8, 19, 15]","Simulation, Forecasting","Optimization, Leadership"
F2004,GMBA,Business Analytics,GMBA_Feb24,6,2024-10-08,83.19505030687277,59,"[3, 8, 28, 21]","Simulation, Stats","Machine Learning, Leadership"
F2004,GMBA,Business Analytics,GMBA_Aug24,1,2024-08-09,88.439939331582,60,"[5, 7, 29, 19]","Simulation, Stats","Strategy, Leadership"
F2004,GMBA,Business Analytics,GMBA_Aug24,2,2024-11-12,91.16511584098004,60,"[2, 19, 25, 23]","Forecasting, Stats","Machine Learning, Leadership"
F2004,GMBA,Business Analytics,GMBA_Aug24,3,2024-02-14,83.99742247349762,36,"[2, 14, 26, 19]","Regression, Stats","Leadership, Machine Learning"
F2004,GMBA,Business Analytics,GMBA_Aug24,4,2024-10-22,84.80732531554064,58,"[3, 19, 18, 18]","Regression, Stats","Strategy, Optimization"
F2004,GMBA,Business Analytics,GMBA_Aug24,5,2024-10-25,87.07507742204496,49,"[1, 15, 18, 14]","Stats, Forecasting","Machine Learning, Leadership"
F2004,GMBA,Business Analytics,GMBA_Aug24,6,2024-12-25,85.1692355468607,60,"[3, 13, 15, 15]","Forecasting, Regression","Optimization, Leadership"
F2004,GMBA,Corporate Finance,GMBA_Feb24,1,2024-11-16,83.03259911218655,49,"[5, 12, 17, 10]","Regression, Stats","Optimization, Machine Learning"
F2004,GMBA,Corporate Finance,GMBA_Feb24,2,2024-02-18,78.22115610724718,45,"[3, 16, 16, 18]","Simulation, Forecasting","Leadership, Optimization"
F2004,GMBA,Corporate Finance,GMBA_Feb24,3,2024-07-15,84.28471605650395,56,"[5, 13, 18, 18]","Forecasting, Regression","Strategy, Optimization"
F2004,GMBA,Corporate Finance,GMBA_Feb24,4,2024-01-05,87.4934967265489,60,"[2, 17, 20, 9]","Simulation, Forecasting","Leadership, Strategy"
F2004,GMBA,Corporate Finance,GMBA_Feb24,5,2024-01-14,76.98434717267276,40,"[1, 8, 20, 23]","Regression, Forecasting","Optimization, Machine Learning"
F2004,GMBA,Corporate Finance,GMBA_Feb24,6,2024-04-12,73.18735638164281,59,"[2, 20, 21, 9]","Forecasting, Regression","Optimization, Machine Learning"
F2004,GMBA,Corporate Finance,GMBA_Aug24,1,2024-03-13,80.30615024375723,47,"[3, 14, 17, 19]","Stats, Regression","Machine Learning, Optimization"
F2004,GMBA,Corporate Finance,GMBA_Aug24,2,2024-08-05,77.27558592583274,37,"[1, 9, 27, 9]","Regression, Stats","Machine Learning, Leadership"
F2004,GMBA,Corporate Finance,GMBA_Aug24,3,2024-09-07,80.66258602226515,36,"[3, 14, 22, 7]","Simulation, Stats","Strategy, Machine Learning"
F2004,GMBA,Corporate Finance,GMBA_Aug24,4,2024-12-28,74.69773446153454,37,"[3, 17, 15, 22]","Simulation, Stats","Machine Learning, Leadership"
F2004,GMBA,Corporate Finance,GMBA_Aug24,5,2024-09-26,90.85021620852764,44,"[4, 8, 19, 24]","Regression, Forecasting","Machine Learning, Optimization"
F2004,GMBA,Corporate Finance,GMBA_Aug24,6,2024-04-09,70.03289164346762,54,"[2, 19, 25, 21]","Regression, Forecasting","Optimization, Strategy"
F2004,GMBA,Leadership,GMBA_Feb24,1,2024-11-06,71.84440439826875,53,"[4, 15, 20, 25]","Stats, Simulation","Machine Learning, Optimization"
F2004,GMBA,Leadership,GMBA_Feb24,2,2024-05-19,77.07742067463712,53,"[4, 20, 22, 18]","Forecasting, Simulation","Optimization, Leadership"
F2004,GMBA,Leadership,GMBA_Feb24,3,2024-12-15,81.73846751934776,41,"[3, 15, 17, 13]","Regression, Simulation","Strategy, Leadership"
F2004,GMBA,Leadership,GMBA_Feb24,4,2024-05-15,72.41505633485227,35,"[3, 20, 29, 10]","Regression, Forecasting","Machine Learning, Optimization"
F2004,GMBA,Leadership,GMBA_Feb24,5,2024-11-15,90.25629284139951,54,"[1, 17, 15, 25]","Regression, Simulation","Leadership, Strategy"
F2004,GMBA,Leadership,GMBA_Feb24,6,2024-05-12,77.74268973203719,58,"[5, 14, 25, 8]","Forecasting, Stats","Strategy, Optimization"
F2004,GMBA,Leadership,GMBA_Aug24,1,2024-06-11,79.85611893192208,51,"[5, 13, 16, 9]","Stats, Regression","Optimization, Machine Learning"
F2004,GMBA,Leadership,GMBA_Aug24,2,2024-10-19,72.58611770614148,43,"[3, 8, 15, 17]","Simulation, Forecasting","Leadership, Optimization"
F2004,GMBA,Leadership,GMBA_Aug24,3,2024-01-28,80.23420219255233,51,"[3, 18, 23, 18]","Simulation, Stats","Leadership, Machine Learning"
F2004,GMBA,Leadership,GMBA_Aug24,4,2024-01-20,74.77386891998317,35,"[5, 17, 21, 8]","Simulation, Regression","Machine Learning, Leadership"
F2004,GMBA,Leadership,GMBA_Aug24,5,2024-10-22,61.378476982662576,35,"[3, 7, 26, 12]","Simulation, Forecasting","Leadership, Machine Learning"
F2004,GMBA,Leadership,GMBA_Aug24,6,2024-07-07,75.49484144078868,44,"[5, 14, 15, 10]","Stats, Simulation","Optimization, Strategy"
F2004,GMBA,Strategy,GMBA_Feb24,1,2024-06-15,76.73927063660602,53,"[1, 17, 20, 20]","Regression, Stats","Optimization, Machine Learning"
F2004,GMBA,Strategy,GMBA_Feb24,2,2024-06-11,78.28559529989666,54,"[5, 7, 19, 17]","Forecasting, Stats","Leadership, Machine Learning"
F2004,GMBA,Strategy,GMBA_Feb24,3,2024-04-06,93.31862996445878,51,"[3, 20, 23, 10]","Simulation, Forecasting","Strategy, Optimization"
F2004,GMBA,Strategy,GMBA_Feb24,4,2024-02-21,72.26508929717684,58,"[3, 18, 21, 14]","Stats, Regression","Strategy, Optimization"
F2004,GMBA,Strategy,GMBA_Feb24,5,2024-12-20,88.0479014761359,36,"[1, 15, 27, 20]","Forecasting, Regression","Machine Learning, Leadership"
F2004,GMBA,Strategy,GMBA_Feb24,6,2024-09-04,79.47186572082737,49,"[1, 19, 18, 8]","Stats, Regression","Leadership, Machine Learning"
F2004,GMBA,Strategy,GMBA_Aug24,1,2024-03-16,85.62189199519864,47,"[2, 16, 29, 17]","Simulation, Forecasting","Strategy, Optimization"
F2004,GMBA,Strategy,GMBA_Aug24,2,2024-01-03,80.20115228923673,44,"[2, 13, 26, 18]","Stats, Forecasting","Optimization, Strategy"
F2004,GMBA,Strategy,GMBA_Aug24,3,2024-01-06,88.44672722301843,52,"[3, 10, 30, 18]","Simulation, Stats","Strategy, Optimization"
F2004,GMBA,Strategy,GMBA_Aug24,4,2024-10-12,79.01641338661395,35,"[4, 14, 29, 25]","Simulation, Forecasting","Machine Learning, Strategy"
F2004,GMBA,Strategy,GMBA_Aug24,5,2024-03-16,74.17079859771863,43,"[1, 8, 18, 21]","Stats, Regression","Strategy, Leadership"
F2004,GMBA,Strategy,GMBA_Aug24,6,2024-12-23,82.5543557487494,47,"[3, 14, 28, 19]","Simulation, Regression","Leadership, Optimization"
F2005,GMBA,Business Analytics,GMBA_Feb24,1,2024-01-27,82.07191704840065,43,"[4, 8, 23, 25]","Forecasting, Simulation","Optimization, Strategy"
F2005,GMBA,Business Analytics,GMBA_Feb24,2,2024-04-05,82.81823416801208,53,"[4, 13, 23, 12]","Stats, Simulation","Leadership, Optimization"
F2005,GMBA,Business Analytics,GMBA_Feb24,3,2024-10-01,86.27393282671922,56,"[3, 19, 27, 18]","Regression, Simulation","Leadership, Optimization"
F2005,GMBA,Business Analytics,GMBA_Feb24,4,2024-02-17,79.12313146693434,53,"[5, 15, 28, 19]","Simulation, Regression","Optimization, Strategy"
F2005,GMBA,Business Analytics,GMBA_Feb24,5,2024-07-01,83.47600526940063,41,"[2, 16, 17, 20]","Forecasting, Simulation","Strategy, Optimization"
F2005,GMBA,Business Analytics,GMBA_Feb24,6,2024-01-15,70.048535921545,54,"[3, 12, 25, 24]","Forecasting, Simulation","Strategy, Optimization"
F2005,GMBA,Business Analytics,GMBA_Aug24,1,2024-06-19,79.95063833097757,53,"[3, 19, 15, 15]","Simulation, Forecasting","Machine Learning, Optimization"
F2005,GMBA,Business Analytics,GMBA_Aug24,2,2024-04-28,86.00315821047101,59,"[2, 13, 19, 19]","Simulation, Regression","Leadership, Machine Learning"
F2005,GMBA,Business Analytics,GMBA_Aug24,3,2024-07-11,79.95114311403135,35,"[3, 7, 15, 15]","Forecasting, Stats","Machine Learning, Leadership"
F2005,GMBA,Business Analytics,GMBA_Aug24,4,2024-06-11,84.1456549938319,49,"[3, 7, 29, 18]","Simulation, Stats","Leadership, Optimization"
F2005,GMBA,Business Analytics,GMBA_Aug24,5,2024-09-19,80.4571671391651,56,"[1, 16, 18, 20]","Regression, Forecasting","Optimization, Strategy"
F2005,GMBA,Business Analytics,GMBA_Aug24,6,2024-09-23,78.85080466437181,51,"[1, 7, 19, 8]","Regression, Simulation","Leadership, Strategy"
F2005,GMBA,Corporate Finance,GMBA_Feb24,1,2024-03-25,94.94690152469119,39,"[4, 16, 30, 12]","Stats, Forecasting","Machine Learning, Optimization"
F2005,GMBA,Corporate Finance,GMBA_Feb24,2,2024-05-25,84.1922261342214,45,"[2, 10, 16, 11]","Regression, Stats","Leadership, Machine Learning"
F2005,GMBA,Corporate Finance,GMBA_Feb24,3,2024-07-08,81.49186014650186,42,"[4, 13, 27, 12]","Stats, Forecasting","Leadership, Optimization"
F2005,GMBA,Corporate Finance,GMBA_Feb24,4,2024-08-14,85.95662585415793,39,"[3, 15, 28, 20]","Regression, Simulation","Machine Learning, Strategy"
F2005,GMBA,Corporate Finance,GMBA_Feb24,5,2024-06-10,79.65443092939084,52,"[3, 8, 17, 25]","Simulation, Stats","Optimization, Machine Learning"
F2005,GMBA,Corporate Finance,GMBA_Feb24,6,2024-05-27,82.97137383728449,35,"[5, 18, 17, 22]","Simulation, Forecasting","Leadership, Machine Learning"
F2005,GMBA,Corporate Finance,GMBA_Aug24,1,2024-11-16,77.4510313595613,35,"[4, 15, 27, 17]","Simulation, Regression","Optimization, Leadership"
F2005,GMBA,Corporate Finance,GMBA_Aug24,2,2024-11-01,70.4309702114694,36,"[4, 7, 21, 25]","Simulation, Regression","Leadership, Strategy"
F2005,GMBA,Corporate Finance,GMBA_Aug24,3,2024-03-25,88.96150165874774,46,"[2, 20, 28, 22]","Regression, Stats","Optimization, Leadership"
F2005,GMBA,Corporate Finance,GMBA_Aug24,4,2024-08-05,74.95512517385383,39,"[5, 7, 22, 15]","Regression, Forecasting","Machine Learning, Leadership"
F2005,GMBA,Corporate Finance,GMBA_Aug24,5,2024-04-02,83.24408066857644,35,"[1, 18, 22, 18]","Forecasting, Stats","Machine Learning, Optimization"
F2005,GMBA,Corporate Finance,GMBA_Aug24,6,2024-08-13,80.80364888485312,42,"[3, 17, 22, 11]","Forecasting, Regression","Optimization, Leadership"
F2005,GMBA,Leadership,GMBA_Feb24,1,2024-07-04,67.14861123698084,51,"[1, 12, 15, 23]","Forecasting, Regression","Strategy, Machine Learning"
F2005,GMBA,Leadership,GMBA_Feb24,2,2024-02-03,81.54610843364583,48,"[4, 9, 30, 12]","Regression, Forecasting","Machine Learning, Optimization"
F2005,GMBA,Leadership,GMBA_Feb24,3,2024-06-27,77.39958644201653,50,"[3, 7, 25, 15]","Forecasting, Simulation","Leadership, Machine Learning"
F2005,GMBA,Leadership,GMBA_Feb24,4,2024-03-22,72.71517388395094,53,"[2, 17, 26, 17]","Forecasting, Simulation","Strategy, Leadership"
F2005,GMBA,Leadership,GMBA_Feb24,5,2024-10-07,84.1533586388722,58,"[5, 20, 23, 11]","Simulation, Regression","Machine Learning, Optimization"
F2005,GMBA,Leadership,GMBA_Feb24,6,2024-06-09,87.82958260191985,60,"[3, 9, 27, 20]","Stats, Forecasting","Leadership, Strategy"
F2005,GMBA,Leadership,GMBA_Aug24,1,2024-10-20,84.98995889195447,53,"[5, 10, 19, 19]","Forecasting, Stats","Optimization, Leadership"
F2005,GMBA,Leadership,GMBA_Aug24,2,2024-01-01,73.71929245098569,51,"[1, 7, 21, 19]","Regression, Forecasting","Optimization, Machine Learning"
F2005,GMBA,Leadership,GMBA_Aug24,3,2024-06-25,76.48473692749133,38,"[5, 9, 27, 16]","Forecasting, Stats","Leadership, Strategy"
F2005,GMBA,Leadership,GMBA_Aug24,4,2024-09-15,76.34655442735462,57,"[3, 15, 30, 14]","Stats, Forecasting","Machine Learning, Optimization"
F2005,GMBA,Leadership,GMBA_Aug24,5,2024-12-26,69.47087248901249,49,"[4, 7, 15, 23]","Forecasting, Simulation","Optimization, Machine Learning"
F2005,GMBA,Leadership,GMBA_Aug24,6,2024-09-13,80.41815848090067,42,"[2, 12, 17, 12]","Regression, Forecasting","Leadership, Strategy"
F2005,GMBA,Strategy,GMBA_Feb24,1,2024-05-17,81.07498516143654,38,"[3, 12, 17, 8]","Forecasting, Stats","Optimization, Machine Learning"
F2005,GMBA,Strategy,GMBA_Feb24,2,2024-08-28,82.10726955870393,48,"[5, 13, 21, 24]","Forecasting, Simulation","Machine Learning, Leadership"
F2005,GMBA,Strategy,GMBA_Feb24,3,2024-12-17,79.0250654994717,46,"[1, 17, 24, 8]","Regression, Forecasting","Strategy, Optimization"
F2005,GMBA,Strategy,GMBA_Feb24,4,2024-12-10,93.60338660141498,55,"[3, 17, 28, 23]","Stats, Regression","Leadership, Strategy"
F2005,GMBA,Strategy,GMBA_Feb24,5,2024-02-17,78.53703048455345,56,"[1, 16, 16, 7]","Forecasting, Regression","Leadership, Machine Learning"
F2005,GMBA,Strategy,GMBA_Feb24,6,2024-07-21,68.83658246386942,56,"[1, 20, 19, 11]","Stats, Forecasting","Leadership, Optimization"
F2005,GMBA,Strategy,GMBA_Aug24,1,2024-10-14,87.70768721865431,49,"[1, 14, 23, 14]","Stats, Forecasting","Optimization, Machine Learning"
F2005,GMBA,Strategy,GMBA_Aug24,2,2024-12-26,67.5436144138337,46,"[1, 8, 27, 16]","Simulation, Stats","Optimization, Leadership"
F2005,GMBA,Strategy,GMBA_Aug24,3,2024-06-18,70.21084394159327,46,"[5, 13, 30, 16]","Forecasting, Simulation","Leadership, Optimization"
F2005,GMBA,Strategy,GMBA_Aug24,4,2024-05-17,79.68400853632978,55,"[5, 12, 30, 20]","Forecasting, Regression","Strategy, Optimization"
F2005,GMBA,Strategy,GMBA_Aug24,5,2024-10-14,81.09780734991796,58,"[3, 10, 20, 9]","Stats, Regression","Optimization, Machine Learning"
F2005,GMBA,Strategy,GMBA_Aug24,6,2024-12-11,73.59920716553748,37,"[3, 8, 29, 23]","Simulation, Forecasting","Optimization, Strategy"
F2006,MGB,Applied Statistics,MGB_Jan24,1,2024-10-28,78.16839887615372,57,"[4, 16, 21, 12]","Regression, Simulation","Leadership, Optimization"
F2006,MGB,Applied Statistics,MGB_Jan24,2,2024-09-15,83.23140634801979,35,"[1, 8, 24, 12]","Simulation, Stats","Optimization, Machine Learning"
F2006,MGB,Applied Statistics,MGB_Jan24,3,2024-06-17,71.890331898936,49,"[3, 10, 16, 7]","Forecasting, Simulation","Optimization, Machine Learning"
F2006,MGB,Applied Statistics,MGB_Jan24,4,2024-07-07,86.82159863482954,35,"[2, 19, 25, 15]","Simulation, Stats","Machine Learning, Optimization"
F2006,MGB,Applied Statistics,MGB_Jan24,5,2024-01-18,82.57734770378951,39,"[1, 13, 15, 17]","Stats, Forecasting","Optimization, Strategy"
F2006,MGB,Applied Statistics,MGB_Jan24,6,2024-06-02,75.9984192069927,53,"[1, 8, 23, 7]","Simulation, Regression","Leadership, Strategy"
F2006,MGB,Applied Statistics,MGB_Jun24,1,2024-09-06,82.75289983448464,49,"[4, 10, 21, 22]","Forecasting, Regression","Optimization, Strategy"
F2006,MGB,Applied Statistics,MGB_Jun24,2,2024-05-04,88.2923028530462,36,"[1, 11, 18, 11]","Stats, Regression","Optimization, Leadership"
F2006,MGB,Applied Statistics,MGB_Jun24,3,2024-02-04,78.50811618743322,36,"[2, 20, 25, 25]","Regression, Stats","Strategy, Leadership"
F2006,MGB,Applied Statistics,MGB_Jun24,4,2024-08-07,82.12897880730293,36,"[1, 13, 18, 25]","Regression, Stats","Optimization, Leadership"
F2006,MGB,Applied Statistics,MGB_Jun24,5,2024-11-16,72.09908884473217,58,"[2, 18, 30, 9]","Simulation, Stats","Optimization, Strategy"
F2006,MGB,Applied Statistics,MGB_Jun24,6,2024-07-16,79.42856455230265,56,"[4, 12, 23, 14]","Stats, Forecasting","Machine Learning, Leadership"
F2006,MGB,Digital Marketing,MGB_Jan24,1,2024-12-04,80.47139343620329,56,"[1, 15, 29, 7]","Simulation, Forecasting","Machine Learning, Leadership"
F2006,MGB,Digital Marketing,MGB_Jan24,2,2024-10-08,76.31953416260139,57,"[1, 19, 28, 8]","Simulation, Regression","Leadership, Machine Learning"
F2006,MGB,Digital Marketing,MGB_Jan24,3,2024-01-10,75.48688249947803,42,"[3, 12, 20, 19]","Forecasting, Stats","Strategy, Optimization"
F2006,MGB,Digital Marketing,MGB_Jan24,4,2024-05-25,81.08665354228663,48,"[2, 12, 24, 21]","Simulation, Forecasting","Machine Learning, Optimization"
F2006,MGB,Digital Marketing,MGB_Jan24,5,2024-06-26,76.19254755848833,52,"[1, 13, 15, 8]","Forecasting, Simulation","Leadership, Strategy"
F2006,MGB,Digital Marketing,MGB_Jan24,6,2024-04-10,91.07284004714782,40,"[5, 9, 22, 22]","Forecasting, Regression","Leadership, Optimization"
F2006,MGB,Digital Marketing,MGB_Jun24,1,2024-12-25,76.90409143818638,48,"[5, 8, 24, 16]","Stats, Regression","Machine Learning, Optimization"
F2006,MGB,Digital Marketing,MGB_Jun24,2,2024-02-19,79.34949776055868,44,"[2, 17, 29, 25]","Simulation, Regression","Optimization, Leadership"
F2006,MGB,Digital Marketing,MGB_Jun24,3,2024-02-27,90.12501724963971,52,"[4, 16, 23, 11]","Stats, Regression","Optimization, Machine Learning"
F2006,MGB,Digital Marketing,MGB_Jun24,4,2024-11-22,72.00665241474469,48,"[1, 8, 29, 11]","Regression, Stats","Leadership, Optimization"
F2006,MGB,Digital Marketing,MGB_Jun24,5,2024-05-14,80.22275994436559,55,"[2, 20, 18, 23]","Simulation, Regression","Machine Learning, Leadership"
F2006,MGB,Digital Marketing,MGB_Jun24,6,2024-11-01,76.89340133489986,37,"[5, 17, 26, 18]","Simulation, Stats","Leadership, Strategy"
F2006,MGB,Supply Chain,MGB_Jan24,1,2024-10-14,80.8830535639345,60,"[1, 10, 29, 8]","Regression, Stats","Leadership, Optimization"
F2006,MGB,Supply Chain,MGB_Jan24,2,2024-10-11,82.24633959149624,50,"[4, 11, 17, 15]","Stats, Forecasting","Optimization, Strategy"
F2006,MGB,Supply Chain,MGB_Jan24,3,2024-09-15,90.00555396678034,40,"[2, 11, 26, 16]","Stats, Regression","Optimization, Strategy"
F2006,MGB,Supply Chain,MGB_Jan24,4,2024-03-06,72.6964176758498,46,"[1, 20, 28, 22]","Simulation, Forecasting","Leadership, Optimization"
F2006,MGB,Supply Chain,MGB_Jan24,5,2024-09-17,84.13613413917244,35,"[1, 11, 27, 19]","Forecasting, Regression","Strategy, Optimization"
F2006,MGB,Supply Chain,MGB_Jan24,6,2024-05-04,77.28889066307805,56,"[2, 12, 30, 20]","Simulation, Stats","Optimization, Leadership"
F2006,MGB,Supply Chain,MGB_Jun24,1,2024-10-09,88.08849114612228,38,"[5, 16, 28, 19]","Regression, Stats","Leadership, Strategy"
F2006,MGB,Supply Chain,MGB_Jun24,2,2024-12-01,70.98717043575074,58,"[5, 15, 24, 19]","Forecasting, Simulation","Optimization, Strategy"
F2006,MGB,Supply Chain,MGB_Jun24,3,2024-09-16,86.63708187038263,46,"[5, 19, 28, 7]","Stats, Simulation","Leadership, Strategy"
F2006,MGB,Supply Chain,MGB_Jun24,4,2024-11-15,70.83016512481407,43,"[5, 13, 20, 14]","Forecasting, Simulation","Strategy, Machine Learning"
F2006,MGB,Supply Chain,MGB_Jun24,5,2024-01-27,75.65198575169904,60,"[5, 12, 15, 15]","Simulation, Stats","Leadership, Machine Learning"
F2006,MGB,Supply Chain,MGB_Jun24,6,2024-07-27,94.21349582406506,52,"[3, 8, 16, 16]","Regression, Simulation","Machine Learning, Strategy"
F2006,MGB,Project Management,MGB_Jan24,1,2024-03-03,80.94063615979171,46,"[1, 14, 24, 7]","Regression, Stats","Machine Learning, Strategy"
F2006,MGB,Project Management,MGB_Jan24,2,2024-01-07,77.19197449397919,57,"[3, 15, 23, 15]","Stats, Forecasting","Machine Learning, Leadership"
F2006,MGB,Project Management,MGB_Jan24,3,2024-12-02,82.49882129600212,51,"[2, 9, 19, 9]","Forecasting, Simulation","Optimization, Strategy"
F2006,MGB,Project Management,MGB_Jan24,4,2024-10-04,84.33311876970052,46,"[4, 19, 23, 10]","Stats, Simulation","Optimization, Machine Learning"
F2006,MGB,Project Management,MGB_Jan24,5,2024-02-24,87.08578937796277,48,"[3, 9, 16, 10]","Forecasting, Stats","Strategy, Optimization"
F2006,MGB,Project Management,MGB_Jan24,6,2024-11-23,81.51656776475909,37,"[4, 14, 23, 19]","Stats, Regression","Optimization, Strategy"
F2006,MGB,Project Management,MGB_Jun24,1,2024-02-06,76.18755521705907,51,"[1, 11, 18, 18]","Stats, Regression","Strategy, Leadership"
F2006,MGB,Project Management,MGB_Jun24,2,2024-12-22,75.22389632974087,43,"[2, 11, 19, 17]","Forecasting, Simulation","Leadership, Machine Learning"
F2006,MGB,Project Management,MGB_Jun24,3,2024-08-01,76.5418131481646,50,"[1, 15, 30, 9]","Regression, Stats","Machine Learning, Optimization"
F2006,MGB,Project Management,MGB_Jun24,4,2024-05-28,75.52545408240819,48,"[4, 9, 27, 18]","Regression, Simulation","Leadership, Optimization"
F2006,MGB,Project Management,MGB_Jun24,5,2024-11-25,91.27222061803629,36,"[4, 11, 23, 25]","Simulation, Stats","Leadership, Optimization"
F2006,MGB,Project Management,MGB_Jun24,6,2024-12-20,77.70274086437098,45,"[4, 19, 28, 23]","Stats, Forecasting","Machine Learning, Optimization"
F2007,MGB,Applied Statistics,MGB_Jan24,1,2024-04-17,88.76924517801405,49,"[4, 10, 25, 13]","Forecasting, Stats","Optimization, Leadership"
F2007,MGB,Applied Statistics,MGB_Jan24,2,2024-10-18,66.06541751907565,55,"[2, 7, 29, 24]","Stats, Forecasting","Leadership, Strategy"
F2007,MGB,Applied Statistics,MGB_Jan24,3,2024-09-23,73.95841187255351,51,"[4, 19, 18, 23]","Forecasting, Regression","Leadership, Machine Learning"
F2007,MGB,Applied Statistics,MGB_Jan24,4,2024-03-07,59.42636798236687,38,"[3, 14, 25, 14]","Stats, Regression","Strategy, Optimization"
F2007,MGB,Applied Statistics,MGB_Jan24,5,2024-01-15,92.50296587443337,35,"[5, 20, 18, 19]","Regression, Forecasting","Optimization, Leadership"
F2007,MGB,Applied Statistics,MGB_Jan24,6,2024-12-18,84.13064243641895,59,"[5, 14, 21, 25]","Stats, Simulation","Optimization, Strategy"
F2007,MGB,Applied Statistics,MGB_Jun24,1,2024-09-15,84.81419210911879,45,"[5, 18, 19, 17]","Forecasting, Simulation","Machine Learning, Optimization"
F2007,MGB,Applied Statistics,MGB_Jun24,2,2024-05-20,85.49174800374745,51,"[3, 14, 18, 20]","Simulation, Stats","Strategy, Optimization"
F2007,MGB,Applied Statistics,MGB_Jun24,3,2024-07-28,77.78220547324824,46,"[2, 12, 15, 15]","Forecasting, Simulation","Leadership, Optimization"
F2007,MGB,Applied Statistics,MGB_Jun24,4,2024-12-16,80.86443743483277,52,"[3, 13, 15, 15]","Simulation, Regression","Leadership, Machine Learning"
F2007,MGB,Applied Statistics,MGB_Jun24,5,2024-01-01,75.75513994793944,46,"[4, 19, 27, 8]","Forecasting, Simulation","Strategy, Leadership"
F2007,MGB,Applied Statistics,MGB_Jun24,6,2024-02-19,75.61231353481993,57,"[4, 14, 30, 10]","Regression, Stats","Machine Learning, Strategy"
F2007,MGB,Digital Marketing,MGB_Jan24,1,2024-01-13,85.83273583613277,52,"[5, 20, 19, 16]","Simulation, Regression","Machine Learning, Leadership"
F2007,MGB,Digital Marketing,MGB_Jan24,2,2024-07-07,77.67007173853484,44,"[1, 12, 28, 13]","Regression, Forecasting","Optimization, Machine Learning"
F2007,MGB,Digital Marketing,MGB_Jan24,3,2024-03-10,68.55588423722483,44,"[4, 9, 29, 14]","Simulation, Forecasting","Strategy, Leadership"
F2007,MGB,Digital Marketing,MGB_Jan24,4,2024-05-02,68.68820587080651,39,"[4, 9, 30, 22]","Stats, Regression","Machine Learning, Leadership"
F2007,MGB,Digital Marketing,MGB_Jan24,5,2024-08-02,75.97011226985005,52,"[4, 16, 23, 24]","Stats, Regression","Strategy, Optimization"
F2007,MGB,Digital Marketing,MGB_Jan24,6,2024-04-27,82.76635073756715,53,"[3, 7, 16, 25]","Simulation, Regression","Leadership, Machine Learning"
F2007,MGB,Digital Marketing,MGB_Jun24,1,2024-01-04,79.16694214032267,39,"[3, 11, 18, 15]","Regression, Stats","Strategy, Leadership"
F2007,MGB,Digital Marketing,MGB_Jun24,2,2024-04-06,70.73629162924753,53,"[5, 14, 16, 7]","Regression, Stats","Leadership, Optimization"
F2007,MGB,Digital Marketing,MGB_Jun24,3,2024-04-28,75.2653999948607,55,"[4, 7, 21, 10]","Regression, Simulation","Machine Learning, Leadership"
F2007,MGB,Digital Marketing,MGB_Jun24,4,2024-08-11,81.69463173625977,37,"[2, 8, 19, 15]","Stats, Forecasting","Leadership, Machine Learning"
F2007,MGB,Digital Marketing,MGB_Jun24,5,2024-02-26,88.26134866859239,58,"[2, 12, 19, 18]","Simulation, Stats","Machine Learning, Leadership"
F2007,MGB,Digital Marketing,MGB_Jun24,6,2024-04-16,66.44505495234563,50,"[2, 20, 29, 10]","Stats, Regression","Optimization, Strategy"
F2007,MGB,Supply Chain,MGB_Jan24,1,2024-11-18,85.01544904835897,56,"[3, 13, 24, 8]","Forecasting, Simulation","Machine Learning, Optimization"
F2007,MGB,Supply Chain,MGB_Jan24,2,2024-03-12,79.0277768966581,56,"[5, 14, 18, 24]","Regression, Stats","Leadership, Strategy"
F2007,MGB,Supply Chain,MGB_Jan24,3,2024-06-03,78.76231737541316,35,"[5, 15, 17, 18]","Simulation, Stats","Leadership, Strategy"
F2007,MGB,Supply Chain,MGB_Jan24,4,2024-03-28,69.96332439200036,57,"[4, 11, 23, 18]","Regression, Stats","Optimization, Strategy"
F2007,MGB,Supply Chain,MGB_Jan24,5,2024-08-19,86.38873432155886,37,"[2, 14, 19, 14]","Forecasting, Regression","Optimization, Strategy"
F2007,MGB,Supply Chain,MGB_Jan24,6,2024-10-12,77.100970607996,53,"[2, 17, 25, 15]","Forecasting, Simulation","Machine Learning, Leadership"
F2007,MGB,Supply Chain,MGB_Jun24,1,2024-05-21,73.99593958738018,54,"[4, 19, 18, 25]","Simulation, Forecasting","Leadership, Machine Learning"
F2007,MGB,Supply Chain,MGB_Jun24,2,2024-09-02,89.54567221670102,43,"[2, 19, 20, 11]","Stats, Forecasting","Leadership, Strategy"
F2007,MGB,Supply Chain,MGB_Jun24,3,2024-02-22,84.21867158900126,48,"[3, 8, 19, 15]","Regression, Forecasting","Strategy, Optimization"
F2007,MGB,Supply Chain,MGB_Jun24,4,2024-12-08,93.44670286514327,52,"[3, 20, 18, 7]","Stats, Forecasting","Machine Learning, Optimization"
F2007,MGB,Supply Chain,MGB_Jun24,5,2024-09-26,70.22596418229209,49,"[3, 15, 22, 20]","Simulation, Stats","Strategy, Leadership"
F2007,MGB,Supply Chain,MGB_Jun24,6,2024-06-17,76.63072417429461,44,"[5, 7, 24, 10]","Regression, Stats","Optimization, Leadership"
F2007,MGB,Project Management,MGB_Jan24,1,2024-11-13,82.08198312585469,59,"[1, 18, 16, 8]","Simulation, Regression","Strategy, Leadership"
F2007,MGB,Project Management,MGB_Jan24,2,2024-03-18,71.8935801846012,42,"[1, 8, 17, 10]","Forecasting, Simulation","Leadership, Strategy"
F2007,MGB,Project Management,MGB_Jan24,3,2024-06-22,84.19508668611829,60,"[3, 11, 24, 17]","Simulation, Stats","Optimization, Strategy"
F2007,MGB,Project Management,MGB_Jan24,4,2024-07-23,87.12877468212169,50,"[5, 7, 29, 20]","Stats, Regression","Machine Learning, Optimization"
F2007,MGB,Project Management,MGB_Jan24,5,2024-10-20,88.64162043667312,48,"[3, 14, 15, 10]","Simulation, Regression","Optimization, Leadership"
F2007,MGB,Project Management,MGB_Jan24,6,2024-01-07,82.28101775301755,44,"[4, 14, 26, 11]","Simulation, Regression","Leadership, Optimization"
F2007,MGB,Project Management,MGB_Jun24,1,2024-05-02,77.15702929713744,60,"[5, 10, 15, 12]","Regression, Simulation","Machine Learning, Strategy"
F2007,MGB,Project Management,MGB_Jun24,2,2024-03-12,83.64259163035375,41,"[2, 18, 17, 21]","Forecasting, Simulation","Machine Learning, Optimization"
F2007,MGB,Project Management,MGB_Jun24,3,2024-03-04,86.20771568265805,53,"[5, 18, 15, 7]","Stats, Regression","Machine Learning, Optimization"
F2007,MGB,Project Management,MGB_Jun24,4,2024-09-10,80.56786858230504,51,"[5, 17, 22, 22]","Regression, Stats","Machine Learning, Leadership"
F2007,MGB,Project Management,MGB_Jun24,5,2024-03-25,57.50261778957952,39,"[5, 15, 30, 14]","Forecasting, Simulation","Strategy, Optimization"
F2007,MGB,Project Management,MGB_Jun24,6,2024-12-24,84.84665127898404,53,"[5, 17, 16, 19]","Simulation, Stats","Strategy, Optimization"
F2008,MGB,Applied Statistics,MGB_Jan24,1,2024-08-24,76.64544038852381,51,"[1, 19, 23, 7]","Forecasting, Stats","Leadership, Optimization"
F2008,MGB,Applied Statistics,MGB_Jan24,2,2024-06-08,93.52519285964583,55,"[3, 19, 20, 16]","Stats, Regression","Leadership, Machine Learning"
F2008,MGB,Applied Statistics,MGB_Jan24,3,2024-06-14,86.10603684867131,49,"[5, 17, 24, 25]","Stats, Regression","Optimization, Leadership"
F2008,MGB,Applied Statistics,MGB_Jan24,4,2024-07-26,72.28656137081721,44,"[3, 20, 17, 15]","Forecasting, Simulation","Optimization, Machine Learning"
F2008,MGB,Applied Statistics,MGB_Jan24,5,2024-10-08,63.4247145098489,44,"[1, 11, 23, 18]","Forecasting, Regression","Strategy, Optimization"
F2008,MGB,Applied Statistics,MGB_Jan24,6,2024-12-05,74.68839332139359,42,"[1, 8, 19, 22]","Simulation, Regression","Leadership, Optimization"
F2008,MGB,Applied Statistics,MGB_Jun24,1,2024-01-20,78.43132756665968,58,"[2, 13, 23, 25]","Forecasting, Simulation","Leadership, Strategy"
F2008,MGB,Applied Statistics,MGB_Jun24,2,2024-02-17,83.48920430550601,49,"[3, 12, 19, 24]","Forecasting, Simulation","Optimization, Leadership"
F2008,MGB,Applied Statistics,MGB_Jun24,3,2024-12-12,87.16378696812745,36,"[5, 7, 22, 25]","Simulation, Stats","Strategy, Optimization"
F2008,MGB,Applied Statistics,MGB_Jun24,4,2024-06-11,70.61377090353942,47,"[5, 18, 17, 10]","Stats, Regression","Strategy, Leadership"
F2008,MGB,Applied Statistics,MGB_Jun24,5,2024-08-14,66.89744978389358,48,"[3, 16, 21, 24]","Regression, Stats","Optimization, Machine Learning"
F2008,MGB,Applied Statistics,MGB_Jun24,6,2024-09-02,80.84635362456464,53,"[3, 12, 21, 15]","Regression, Stats","Leadership, Strategy"
F2008,MGB,Digital Marketing,MGB_Jan24,1,2024-09-06,80.98447064705715,35,"[1, 16, 30, 13]","Regression, Forecasting","Machine Learning, Leadership"
F2008,MGB,Digital Marketing,MGB_Jan24,2,2024-11-11,64.60617139060254,36,"[4, 7, 26, 22]","Simulation, Regression","Machine Learning, Leadership"
F2008,MGB,Digital Marketing,MGB_Jan24,3,2024-06-04,77.97486299563617,46,"[4, 8, 19, 18]","Simulation, Forecasting","Machine Learning, Optimization"
F2008,MGB,Digital Marketing,MGB_Jan24,4,2024-03-24,80.89582075347987,35,"[1, 15, 28, 21]","Simulation, Regression","Optimization, Leadership"
F2008,MGB,Digital Marketing,MGB_Jan24,5,2024-04-11,67.33060106509666,37,"[2, 12, 23, 7]","Regression, Simulation","Machine Learning, Leadership"
F2008,MGB,Digital Marketing,MGB_Jan24,6,2024-07-15,76.2631937503768,35,"[4, 8, 23, 25]","Forecasting, Stats","Strategy, Machine Learning"
F2008,MGB,Digital Marketing,MGB_Jun24,1,2024-08-21,71.6370014414361,58,"[3, 9, 27, 14]","Stats, Regression","Machine Learning, Optimization"
F2008,MGB,Digital Marketing,MGB_Jun24,2,2024-12-11,76.86929804628939,53,"[5, 20, 20, 8]","Regression, Simulation","Leadership, Machine Learning"
F2008,MGB,Digital Marketing,MGB_Jun24,3,2024-07-20,79.38660602414214,52,"[3, 15, 17, 10]","Regression, Forecasting","Leadership, Strategy"
F2008,MGB,Digital Marketing,MGB_Jun24,4,2024-07-08,80.05689905522958,48,"[4, 9, 30, 21]","Forecasting, Regression","Strategy, Optimization"
F2008,MGB,Digital Marketing,MGB_Jun24,5,2024-02-07,83.82657926121233,54,"[5, 17, 17, 17]","Simulation, Forecasting","Machine Learning, Optimization"
F2008,MGB,Digital Marketing,MGB_Jun24,6,2024-02-25,91.37389335050332,43,"[4, 7, 18, 14]","Simulation, Forecasting","Machine Learning, Leadership"
F2008,MGB,Supply Chain,MGB_Jan24,1,2024-08-16,88.09211912878567,48,"[3, 9, 23, 20]","Regression, Simulation","Optimization, Strategy"
F2008,MGB,Supply Chain,MGB_Jan24,2,2024-11-17,80.24694585631887,44,"[1, 18, 21, 10]","Stats, Forecasting","Optimization, Machine Learning"
F2008,MGB,Supply Chain,MGB_Jan24,3,2024-10-08,92.24374480155932,40,"[5, 14, 20, 23]","Stats, Regression","Strategy, Optimization"
F2008,MGB,Supply Chain,MGB_Jan24,4,2024-01-05,79.76916417188971,56,"[1, 17, 21, 17]","Regression, Simulation","Leadership, Optimization"
F2008,MGB,Supply Chain,MGB_Jan24,5,2024-11-09,71.2355938097625,43,"[4, 15, 29, 11]","Stats, Regression","Leadership, Machine Learning"
F2008,MGB,Supply Chain,MGB_Jan24,6,2024-12-01,82.51409531147118,59,"[3, 15, 26, 11]","Stats, Regression","Leadership, Optimization"
F2008,MGB,Supply Chain,MGB_Jun24,1,2024-05-08,89.26501865297112,37,"[5, 9, 18, 21]","Regression, Stats","Leadership, Machine Learning"
F2008,MGB,Supply Chain,MGB_Jun24,2,2024-09-18,74.22082261854756,50,"[2, 16, 26, 10]","Simulation, Stats","Machine Learning, Optimization"
F2008,MGB,Supply Chain,MGB_Jun24,3,2024-02-16,80.06189901625525,59,"[2, 20, 20, 18]","Forecasting, Stats","Optimization, Leadership"
F2008,MGB,Supply Chain,MGB_Jun24,4,2024-10-04,78.72242991754158,50,"[3, 10, 20, 12]","Stats, Regression","Machine Learning, Optimization"
F2008,MGB,Supply Chain,MGB_Jun24,5,2024-04-04,75.2389386637712,47,"[3, 16, 25, 9]","Forecasting, Stats","Strategy, Optimization"
F2008,MGB,Supply Chain,MGB_Jun24,6,2024-03-03,92.83836886074722,54,"[1, 20, 20, 24]","Regression, Stats","Optimization, Leadership"
F2008,MGB,Project Management,MGB_Jan24,1,2024-10-23,70.78067050140334,45,"[1, 9, 29, 11]","Forecasting, Simulation","Leadership, Strategy"
F2008,MGB,Project Management,MGB_Jan24,2,2024-01-13,72.62113242567513,38,"[4, 19, 30, 12]","Stats, Simulation","Machine Learning, Strategy"
F2008,MGB,Project Management,MGB_Jan24,3,2024-03-19,76.4271716441773,55,"[4, 9, 26, 15]","Forecasting, Regression","Strategy, Optimization"
F2008,MGB,Project Management,MGB_Jan24,4,2024-07-17,80.1815768738344,37,"[1, 17, 30, 11]","Stats, Simulation","Optimization, Strategy"
F2008,MGB,Project Management,MGB_Jan24,5,2024-07-02,85.31806187079466,57,"[1, 15, 22, 14]","Regression, Forecasting","Strategy, Optimization"
F2008,MGB,Project Management,MGB_Jan24,6,2024-04-25,76.8973142596444,43,"[2, 14, 29, 21]","Simulation, Stats","Optimization, Machine Learning"
F2008,MGB,Project Management,MGB_Jun24,1,2024-05-03,69.91618183203464,35,"[4, 7, 28, 12]","Stats, Regression","Leadership, Machine Learning"
F2008,MGB,Project Management,MGB_Jun24,2,2024-10-28,74.13829296070763,53,"[2, 13, 28, 22]","Forecasting, Stats","Optimization, Machine Learning"
F2008,MGB,Project Management,MGB_Jun24,3,2024-12-24,74.05615035104356,54,"[2, 16, 18, 9]","Stats, Forecasting","Strategy, Optimization"
F2008,MGB,Project Management,MGB_Jun24,4,2024-04-04,77.86184887975116,46,"[4, 20, 19, 15]","Stats, Forecasting","Strategy, Optimization"
F2008,MGB,Project Management,MGB_Jun24,5,2024-09-24,82.68929275365878,46,"[2, 7, 22, 16]","Forecasting, Stats","Strategy, Machine Learning"
F2008,MGB,Project Management,MGB_Jun24,6,2024-02-13,74.63694449666323,44,"[1, 9, 28, 10]","Forecasting, Stats","Machine Learning, Strategy"
F2009,GMBA,Business Analytics,GMBA_Feb24,1,2024-12-19,78.9681196422544,48,"[3, 8, 29, 11]","Stats, Forecasting","Strategy, Machine Learning"
F2009,GMBA,Business Analytics,GMBA_Feb24,2,2024-06-05,73.03858419677748,52,"[5, 12, 24, 20]","Regression, Stats","Strategy, Machine Learning"
F2009,GMBA,Business Analytics,GMBA_Feb24,3,2024-03-13,74.47773701744434,35,"[5, 16, 22, 9]","Regression, Forecasting","Leadership, Machine Learning"
F2009,GMBA,Business Analytics,GMBA_Feb24,4,2024-12-06,78.80508221389834,48,"[4, 20, 19, 13]","Regression, Stats","Leadership, Optimization"
F2009,GMBA,Business Analytics,GMBA_Feb24,5,2024-03-23,85.00907492331797,49,"[1, 8, 23, 22]","Regression, Simulation","Machine Learning, Strategy"
F2009,GMBA,Business Analytics,GMBA_Feb24,6,2024-02-11,65.77435410994303,54,"[3, 16, 22, 11]","Forecasting, Regression","Leadership, Machine Learning"
F2009,GMBA,Business Analytics,GMBA_Aug24,1,2024-05-25,85.67411745488936,44,"[4, 17, 20, 7]","Regression, Stats","Machine Learning, Strategy"
F2009,GMBA,Business Analytics,GMBA_Aug24,2,2024-08-08,81.12627862725246,45,"[4, 19, 22, 10]","Forecasting, Simulation","Strategy, Leadership"
F2009,GMBA,Business Analytics,GMBA_Aug24,3,2024-12-01,70.47871700223186,46,"[1, 7, 26, 9]","Forecasting, Simulation","Machine Learning, Optimization"
F2009,GMBA,Business Analytics,GMBA_Aug24,4,2024-07-22,83.10627304550493,36,"[4, 20, 21, 16]","Stats, Forecasting","Leadership, Machine Learning"
F2009,GMBA,Business Analytics,GMBA_Aug24,5,2024-05-22,73.20148600074879,47,"[3, 16, 25, 14]","Stats, Forecasting","Machine Learning, Strategy"
F2009,GMBA,Business Analytics,GMBA_Aug24,6,2024-10-21,78.58842928309834,46,"[1, 19, 17, 15]","Regression, Forecasting","Strategy, Machine Learning"
F2009,GMBA,Corporate Finance,GMBA_Feb24,1,2024-12-16,68.64422520626425,60,"[1, 16, 23, 15]","Stats, Regression","Strategy, Machine Learning"
F2009,GMBA,Corporate Finance,GMBA_Feb24,2,2024-04-22,82.57730714975003,48,"[5, 12, 17, 19]","Simulation, Regression","Machine Learning, Leadership"
F2009,GMBA,Corporate Finance,GMBA_Feb24,3,2024-11-25,84.95457466391555,45,"[1, 18, 29, 24]","Stats, Forecasting","Optimization, Strategy"
F2009,GMBA,Corporate Finance,GMBA_Feb24,4,2024-12-06,80.56255457276465,48,"[1, 10, 24, 15]","Simulation, Forecasting","Optimization, Leadership"
F2009,GMBA,Corporate Finance,GMBA_Feb24,5,2024-06-16,87.69344432812939,56,"[5, 14, 28, 16]","Stats, Forecasting","Strategy, Machine Learning"
F2009,GMBA,Corporate Finance,GMBA_Feb24,6,2024-06-28,69.95885385476862,44,"[5, 12, 17, 8]","Stats, Regression","Machine Learning, Strategy"
F2009,GMBA,Corporate Finance,GMBA_Aug24,1,2024-10-12,72.76124471705631,37,"[3, 18, 19, 19]","Simulation, Regression","Strategy, Leadership"
F2009,GMBA,Corporate Finance,GMBA_Aug24,2,2024-02-14,82.24483982942414,58,"[5, 17, 17, 12]","Forecasting, Simulation","Leadership, Strategy"
F2009,GMBA,Corporate Finance,GMBA_Aug24,3,2024-06-10,90.58135076187722,44,"[1, 11, 27, 23]","Forecasting, Simulation","Machine Learning, Strategy"
F2009,GMBA,Corporate Finance,GMBA_Aug24,4,2024-09-16,91.77182387169223,51,"[2, 9, 24, 11]","Stats, Simulation","Optimization, Machine Learning"
F2009,GMBA,Corporate Finance,GMBA_Aug24,5,2024-08-21,81.37002703429707,37,"[2, 11, 18, 14]","Simulation, Forecasting","Machine Learning, Strategy"
F2009,GMBA,Corporate Finance,GMBA_Aug24,6,2024-04-28,81.75808404379138,59,"[5, 20, 17, 19]","Stats, Forecasting","Machine Learning, Optimization"
F2009,GMBA,Leadership,GMBA_Feb24,1,2024-12-24,79.0253088334906,56,"[1, 16, 25, 25]","Simulation, Stats","Optimization, Machine Learning"
F2009,GMBA,Leadership,GMBA_Feb24,2,2024-06-16,86.59654715369228,55,"[1, 17, 15, 17]","Forecasting, Simulation","Machine Learning, Optimization"
F2009,GMBA,Leadership,GMBA_Feb24,3,2024-01-22,76.58521709792755,37,"[1, 15, 29, 13]","Forecasting, Stats","Strategy, Leadership"
F2009,GMBA,Leadership,GMBA_Feb24,4,2024-01-10,88.97520019007811,46,"[1, 7, 25, 25]","Stats, Simulation","Optimization, Leadership"
F2009,GMBA,Leadership,GMBA_Feb24,5,2024-05-01,81.25707495534509,45,"[2, 14, 30, 18]","Forecasting, Simulation","Optimization, Leadership"
F2009,GMBA,Leadership,GMBA_Feb24,6,2024-09-03,71.77507198431387,37,"[5, 18, 21, 22]","Regression, Stats","Leadership, Optimization"
F2009,GMBA,Leadership,GMBA_Aug24,1,2024-02-01,86.11698607177483,51,"[2, 9, 19, 17]","Regression, Simulation","Machine Learning, Optimization"
F2009,GMBA,Leadership,GMBA_Aug24,2,2024-02-17,90.18237782628852,52,"[3, 14, 18, 14]","Forecasting, Stats","Optimization, Leadership"
F2009,GMBA,Leadership,GMBA_Aug24,3,2024-01-13,83.78276803628626,37,"[1, 14, 25, 18]","Stats, Regression","Machine Learning, Strategy"
F2009,GMBA,Leadership,GMBA_Aug24,4,2024-10-16,92.40059755905513,48,"[3, 7, 30, 15]","Regression, Forecasting","Strategy, Leadership"
F2009,GMBA,Leadership,GMBA_Aug24,5,2024-06-19,69.83811137485392,48,"[1, 9, 28, 14]","Regression, Simulation","Machine Learning, Strategy"
F2009,GMBA,Leadership,GMBA_Aug24,6,2024-12-20,80.89317218322397,44,"[2, 15, 24, 15]","Forecasting, Simulation","Strategy, Machine Learning"
F2009,GMBA,Strategy,GMBA_Feb24,1,2024-03-22,83.01850114463306,53,"[1, 14, 27, 15]","Regression, Forecasting","Machine Learning, Strategy"
F2009,GMBA,Strategy,GMBA_Feb24,2,2024-03-09,93.18573183090426,52,"[5, 16, 27, 22]","Simulation, Regression","Strategy, Leadership"
F2009,GMBA,Strategy,GMBA_Feb24,3,2024-03-02,77.23158911025551,45,"[5, 16, 28, 10]","Simulation, Regression","Strategy, Machine Learning"
F2009,GMBA,Strategy,GMBA_Feb24,4,2024-12-09,79.74458952909,41,"[3, 12, 28, 14]","Regression, Stats","Machine Learning, Strategy"
F2009,GMBA,Strategy,GMBA_Feb24,5,2024-11-21,87.8488263558859,55,"[4, 20, 17, 9]","Regression, Stats","Optimization, Strategy"
F2009,GMBA,Strategy,GMBA_Feb24,6,2024-08-21,79.63869461528168,48,"[5, 12, 21, 22]","Regression, Simulation","Leadership, Machine Learning"
F2009,GMBA,Strategy,GMBA_Aug24,1,2024-01-25,82.54818609700554,49,"[2, 12, 23, 12]","Forecasting, Regression","Leadership, Strategy"
F2009,GMBA,Strategy,GMBA_Aug24,2,2024-01-10,70.84989230562319,45,"[3, 14, 27, 15]","Stats, Forecasting","Optimization, Strategy"
F2009,GMBA,Strategy,GMBA_Aug24,3,2024-05-14,70.83544209069308,41,"[3, 13, 28, 18]","Stats, Simulation","Leadership, Strategy"
F2009,GMBA,Strategy,GMBA_Aug24,4,2024-12-16,85.7895215528204,48,"[3, 13, 17, 22]","Regression, Stats","Optimization, Strategy"
F2009,GMBA,Strategy,GMBA_Aug24,5,2024-05-22,67.66358829345538,46,"[1, 8, 30, 10]","Simulation, Stats","Leadership, Machine Learning"
F2009,GMBA,Strategy,GMBA_Aug24,6,2024-07-22,74.74269103094117,38,"[4, 16, 30, 19]","Forecasting, Simulation","Optimization, Leadership"
F2010,GMBA,Business Analytics,GMBA_Feb24,1,2024-08-04,92.40958163758108,39,"[2, 10, 21, 10]","Regression, Stats","Optimization, Strategy"
F2010,GMBA,Business Analytics,GMBA_Feb24,2,2024-01-03,93.37347606891095,38,"[5, 10, 15, 18]","Simulation, Regression","Leadership, Machine Learning"
F2010,GMBA,Business Analytics,GMBA_Feb24,3,2024-04-25,79.32563170250596,37,"[2, 20, 16, 18]","Forecasting, Simulation","Optimization, Machine Learning"
F2010,GMBA,Business Analytics,GMBA_Feb24,4,2024-05-10,81.11925197265003,47,"[5, 11, 17, 7]","Forecasting, Simulation","Machine Learning, Strategy"
F2010,GMBA,Business Analytics,GMBA_Feb24,5,2024-05-13,74.51010239604811,41,"[1, 16, 15, 9]","Forecasting, Simulation","Strategy, Optimization"
F2010,GMBA,Business Analytics,GMBA_Feb24,6,2024-01-24,88.16905478284176,60,"[4, 19, 22, 8]","Forecasting, Simulation","Strategy, Machine Learning"
F2010,GMBA,Business Analytics,GMBA_Aug24,1,2024-08-09,91.15367169088273,42,"[2, 17, 18, 20]","Stats, Simulation","Strategy, Optimization"
F2010,GMBA,Business Analytics,GMBA_Aug24,2,2024-12-01,86.49781303674857,55,"[2, 9, 26, 20]","Simulation, Regression","Optimization, Leadership"
F2010,GMBA,Business Analytics,GMBA_Aug24,3,2024-02-07,82.51702524867228,53,"[4, 13, 24, 12]","Forecasting, Regression","Optimization, Strategy"
F2010,GMBA,Business Analytics,GMBA_Aug24,4,2024-08-17,80.00489947541729,36,"[3, 15, 26, 21]","Regression, Simulation","Leadership, Strategy"
F2010,GMBA,Business Analytics,GMBA_Aug24,5,2024-11-27,77.69129551056231,38,"[3, 11, 16, 25]","Forecasting, Regression","Strategy, Machine Learning"
F2010,GMBA,Business Analytics,GMBA_Aug24,6,2024-08-03,81.98415705837392,58,"[4, 8, 16, 7]","Simulation, Stats","Optimization, Strategy"
F2010,GMBA,Corporate Finance,GMBA_Feb24,1,2024-01-15,82.68059639431233,38,"[2, 13, 23, 8]","Regression, Simulation","Leadership, Strategy"
F2010,GMBA,Corporate Finance,GMBA_Feb24,2,2024-07-25,70.65635070978104,41,"[1, 7, 19, 18]","Forecasting, Regression","Leadership, Optimization"
F2010,GMBA,Corporate Finance,GMBA_Feb24,3,2024-12-10,80.77095369054018,53,"[4, 15, 27, 15]","Simulation, Forecasting","Machine Learning, Optimization"
F2010,GMBA,Corporate Finance,GMBA_Feb24,4,2024-12-24,80.53316140570381,47,"[4, 15, 26, 17]","Regression, Stats","Optimization, Leadership"
F2010,GMBA,Corporate Finance,GMBA_Feb24,5,2024-10-19,87.36849650681229,41,"[4, 7, 22, 10]","Simulation, Regression","Leadership, Strategy"
F2010,GMBA,Corporate Finance,GMBA_Feb24,6,2024-10-24,85.32300595745197,53,"[3, 20, 21, 23]","Forecasting, Stats","Machine Learning, Strategy"
F2010,GMBA,Corporate Finance,GMBA_Aug24,1,2024-10-11,78.21010539831975,46,"[1, 14, 17, 15]","Regression, Simulation","Leadership, Optimization"
F2010,GMBA,Corporate Finance,GMBA_Aug24,2,2024-10-10,64.75533447494497,55,"[5, 16, 16, 18]","Forecasting, Stats","Leadership, Optimization"
F2010,GMBA,Corporate Finance,GMBA_Aug24,3,2024-02-22,99.0,53,"[4, 16, 18, 11]","Forecasting, Regression","Strategy, Optimization"
F2010,GMBA,Corporate Finance,GMBA_Aug24,4,2024-09-14,72.97488423644654,51,"[5, 8, 19, 8]","Simulation, Forecasting","Optimization, Machine Learning"
F2010,GMBA,Corporate Finance,GMBA_Aug24,5,2024-10-25,73.06805714715723,54,"[2, 17, 17, 9]","Stats, Simulation","Optimization, Machine Learning"
F2010,GMBA,Corporate Finance,GMBA_Aug24,6,2024-08-07,69.0583876327066,54,"[5, 11, 30, 25]","Forecasting, Regression","Optimization, Leadership"
F2010,GMBA,Leadership,GMBA_Feb24,1,2024-07-04,72.41976505463016,43,"[5, 17, 17, 16]","Regression, Stats","Leadership, Optimization"
F2010,GMBA,Leadership,GMBA_Feb24,2,2024-12-01,77.73733053401668,42,"[1, 17, 28, 14]","Stats, Forecasting","Machine Learning, Optimization"
F2010,GMBA,Leadership,GMBA_Feb24,3,2024-02-28,71.07770752734221,36,"[3, 8, 15, 14]","Regression, Simulation","Optimization, Strategy"
F2010,GMBA,Leadership,GMBA_Feb24,4,2024-03-09,76.05537738123832,37,"[5, 15, 17, 21]","Simulation, Stats","Leadership, Strategy"
F2010,GMBA,Leadership,GMBA_Feb24,5,2024-10-02,70.07680786879243,52,"[2, 14, 24, 24]","Simulation, Forecasting","Optimization, Strategy"
F2010,GMBA,Leadership,GMBA_Feb24,6,2024-08-14,78.40132002955356,56,"[3, 20, 29, 21]","Forecasting, Simulation","Strategy, Optimization"
F2010,GMBA,Leadership,GMBA_Aug24,1,2024-06-15,87.03866368615016,55,"[4, 19, 22, 17]","Forecasting, Simulation","Optimization, Leadership"
F2010,GMBA,Leadership,GMBA_Aug24,2,2024-08-11,76.14821913657295,58,"[3, 13, 28, 7]","Regression, Simulation","Machine Learning, Strategy"
F2010,GMBA,Leadership,GMBA_Aug24,3,2024-05-16,75.03673670271655,46,"[4, 12, 28, 18]","Regression, Stats","Machine Learning, Leadership"
F2010,GMBA,Leadership,GMBA_Aug24,4,2024-06-07,74.92668541013984,43,"[3, 14, 18, 25]","Simulation, Stats","Leadership, Strategy"
F2010,GMBA,Leadership,GMBA_Aug24,5,2024-03-06,77.55776763214492,47,"[2, 17, 29, 25]","Forecasting, Simulation","Optimization, Machine Learning"
F2010,GMBA,Leadership,GMBA_Aug24,6,2024-08-28,76.20002218597303,44,"[1, 9, 21, 15]","Stats, Forecasting","Leadership, Strategy"
F2010,GMBA,Strategy,GMBA_Feb24,1,2024-05-01,74.5913939084661,54,"[3, 19, 23, 13]","Simulation, Regression","Leadership, Optimization"
F2010,GMBA,Strategy,GMBA_Feb24,2,2024-08-27,86.98416903593267,46,"[4, 16, 22, 18]","Stats, Forecasting","Leadership, Machine Learning"
F2010,GMBA,Strategy,GMBA_Feb24,3,2024-12-06,81.87922115661674,40,"[1, 16, 30, 19]","Simulation, Regression","Leadership, Strategy"
F2010,GMBA,Strategy,GMBA_Feb24,4,2024-11-10,80.36374226359993,35,"[2, 13, 15, 22]","Simulation, Forecasting","Strategy, Optimization"
F2010,GMBA,Strategy,GMBA_Feb24,5,2024-12-17,90.85410373595847,36,"[3, 13, 18, 17]","Stats, Forecasting","Optimization, Leadership"
F2010,GMBA,Strategy,GMBA_Feb24,6,2024-07-01,73.72583058030082,48,"[3, 18, 28, 22]","Regression, Forecasting","Leadership, Machine Learning"
F2010,GMBA,Strategy,GMBA_Aug24,1,2024-04-14,74.28632655354626,60,"[3, 16, 25, 7]","Forecasting, Stats","Strategy, Optimization"
F2010,GMBA,Strategy,GMBA_Aug24,2,2024-03-20,82.86645316425702,47,"[2, 16, 20, 8]","Stats, Regression","Leadership, Strategy"
F2010,GMBA,Strategy,GMBA_Aug24,3,2024-02-12,74.82181234943148,40,"[1, 9, 26, 17]","Forecasting, Regression","Leadership, Strategy"
F2010,GMBA,Strategy,GMBA_Aug24,4,2024-12-15,90.33972529859372,40,"[4, 19, 24, 17]","Regression, Stats","Leadership, Strategy"
F2010,GMBA,Strategy,GMBA_Aug24,5,2024-08-12,75.80291514102228,46,"[5, 7, 23, 8]","Simulation, Stats","Leadership, Machine Learning"
F2010,GMBA,Strategy,GMBA_Aug24,6,2024-12-17,78.13751661403779,55,"[4, 20, 22, 9]","Simulation, Regression","Machine Learning, Optimization"
